Date,Gross sales,Refunds,Discounts,Net sales,Cost of goods,Gross profit,Margin,Taxes
4/26/26,0.00,0.00,0.00,0.00,0.00,0.00,0.00%,0.00
4/25/26,0.00,0.00,0.00,0.00,0.00,0.00,0.00%,0.00
4/24/26,0.00,0.00,0.00,0.00,0.00,0.00,0.00%,0.00
4/23/26,0.00,0.00,0.00,0.00,0.00,0.00,0.00%,0.00
4/22/26,0.00,0.00,0.00,0.00,0.00,0.00,0.00%,0.00
4/21/26,2091.93,0.00,0.00,2091.93,649.40,1442.53,68.96%,0.00
4/20/26,2274.95,0.00,0.00,2274.95,723.10,1551.85,68.21%,0.00
4/19/26,154.00,154.00,0.00,0.00,0.00,0.00,0.00%,0.00
4/18/26,1977.89,116.99,0.00,1860.90,587.10,1273.80,68.45%,0.00
4/17/26,2471.92,21.00,0.00,2450.92,777.40,1673.52,68.28%,0.00
4/16/26,2099.91,0.00,0.00,2099.91,637.45,1462.46,69.64%,0.00
4/15/26,1811.97,0.00,0.00,1811.97,564.40,1247.57,68.85%,0.00
4/14/26,2017.99,0.00,0.00,2017.99,633.70,1384.29,68.60%,0.00
4/13/26,1553.94,0.00,0.00,1553.94,496.05,1057.89,68.08%,0.00
4/12/26,0.00,0.00,0.00,0.00,0.00,0.00,0.00%,0.00
4/11/26,2323.96,0.00,15.00,2308.96,702.85,1606.11,69.56%,0.00
4/10/26,2353.95,0.00,1.00,2352.95,673.90,1679.05,71.36%,0.00
4/9/26,2057.96,0.00,1.00,2056.96,614.25,1442.71,70.14%,0.00
4/8/26,2088.97,0.00,1.00,2087.97,606.90,1481.07,70.93%,0.00
4/7/26,0.00,0.00,0.00,0.00,0.00,0.00,0.00%,0.00
4/6/26,0.00,0.00,0.00,0.00,0.00,0.00,0.00%,0.00
4/5/26,0.00,0.00,0.00,0.00,0.00,0.00,0.00%,0.00
4/4/26,1797.96,0.00,0.00,1797.96,524.05,1273.91,70.85%,0.00
4/3/26,0.00,0.00,0.00,0.00,0.00,0.00,0.00%,0.00
4/2/26,2528.96,0.00,0.00,2528.96,757.80,1771.16,70.04%,0.00
4/1/26,1918.96,0.00,1.00,1917.96,556.50,1361.46,70.98%,0.00
3/31/26,1917.93,0.00,0.00,1917.93,550.95,1366.98,71.27%,0.00
3/30/26,2258.95,0.00,0.00,2258.95,644.40,1614.55,71.47%,0.00
3/29/26,0.00,0.00,0.00,0.00,0.00,0.00,0.00%,0.00
3/28/26,2085.96,0.00,15.00,2070.96,610.40,1460.56,70.53%,0.00
3/27/26,2230.96,0.00,0.00,2230.96,657.60,1573.36,70.52%,0.00
3/26/26,2430.96,0.00,0.00,2430.96,702.60,1728.36,71.10%,0.00
3/25/26,2269.96,0.00,0.00,2269.96,657.80,1612.16,71.02%,0.00
3/24/26,1966.93,0.00,0.00,1966.93,570.45,1396.48,71.00%,0.00
3/23/26,1984.97,0.00,0.00,1984.97,569.95,1415.02,71.29%,0.00
3/22/26,0.00,0.00,0.00,0.00,0.00,0.00,0.00%,0.00
3/21/26,1710.99,0.00,0.00,1710.99,511.65,1199.34,70.10%,0.00
3/20/26,2407.98,0.00,0.00,2407.98,704.65,1703.33,70.74%,0.00
3/19/26,1770.99,0.00,0.00,1770.99,500.20,1270.79,71.76%,0.00
3/18/26,2012.97,0.00,0.00,2012.97,594.55,1418.42,70.46%,0.00
3/17/26,1650.98,0.00,0.00,1650.98,487.15,1163.83,70.49%,0.00
3/16/26,1907.96,0.00,0.00,1907.96,550.75,1357.21,71.13%,0.00
3/15/26,0.00,0.00,0.00,0.00,0.00,0.00,0.00%,0.00
3/14/26,2188.97,10.00,0.00,2178.97,626.40,1552.57,71.25%,0.00
3/13/26,2512.96,0.00,0.00,2512.96,721.25,1791.71,71.30%,0.00
3/12/26,2306.00,0.00,0.00,2306.00,689.65,1616.35,70.09%,0.00
3/11/26,1982.93,0.00,0.00,1982.93,561.45,1421.48,71.69%,0.00
3/10/26,1615.95,0.00,0.00,1615.95,450.25,1165.70,72.14%,0.00
3/9/26,0.00,0.00,0.00,0.00,0.00,0.00,0.00%,0.00
3/8/26,0.00,0.00,0.00,0.00,0.00,0.00,0.00%,0.00
3/7/26,2154.92,0.00,0.00,2154.92,581.70,1573.22,73.01%,0.00
3/6/26,2313.99,0.00,0.00,2313.99,666.55,1647.44,71.19%,0.00
3/5/26,2052.97,0.00,0.00,2052.97,607.85,1445.12,70.39%,0.00
3/4/26,1717.95,0.00,0.00,1717.95,485.30,1232.65,71.75%,0.00
3/3/26,2004.91,0.00,0.00,2004.91,581.45,1423.46,71.00%,0.00
3/2/26,2044.98,0.00,0.00,2044.98,581.25,1463.73,71.58%,0.00
3/1/26,0.00,0.00,0.00,0.00,0.00,0.00,0.00%,0.00
2/28/26,2302.96,0.00,0.00,2302.96,675.95,1627.01,70.65%,0.00
2/27/26,2472.97,0.00,0.00,2472.97,692.20,1780.77,72.01%,0.00
2/26/26,2298.97,0.00,0.00,2298.97,639.90,1659.07,72.17%,0.00
2/25/26,1863.96,0.00,0.00,1863.96,524.80,1339.16,71.84%,0.00
2/24/26,1649.94,0.00,0.00,1649.94,466.50,1183.44,71.73%,0.00
2/23/26,1649.96,0.00,0.00,1649.96,468.30,1181.66,71.62%,0.00
2/22/26,0.00,0.00,0.00,0.00,0.00,0.00,0.00%,0.00
2/21/26,1708.98,0.00,0.00,1708.98,466.60,1242.38,72.70%,0.00
2/20/26,2405.96,0.00,2.00,2403.96,695.30,1708.66,71.08%,0.00
2/19/26,1785.97,0.00,0.00,1785.97,538.20,1247.77,69.87%,0.00
2/18/26,2050.93,0.00,0.00,2050.93,567.20,1483.73,72.34%,0.00
2/17/26,1751.98,0.00,0.00,1751.98,498.50,1253.48,71.55%,0.00
2/16/26,2151.95,0.00,0.00,2151.95,618.90,1533.05,71.24%,0.00
2/15/26,0.00,0.00,0.00,0.00,0.00,0.00,0.00%,0.00
2/14/26,2355.94,0.00,0.00,2355.94,658.70,1697.24,72.04%,0.00
2/13/26,2328.96,16.00,0.00,2312.96,679.50,1633.46,70.62%,0.00
2/12/26,1814.95,0.00,0.00,1814.95,520.70,1294.25,71.31%,0.00
2/11/26,2014.95,0.00,0.00,2014.95,570.80,1444.15,71.67%,0.00
2/10/26,2047.98,0.00,0.00,2047.98,587.20,1460.78,71.33%,0.00
2/9/26,1626.96,0.00,2.00,1624.96,463.80,1161.16,71.46%,0.00
2/8/26,0.00,0.00,0.00,0.00,0.00,0.00,0.00%,0.00
2/7/26,2442.96,9.99,0.00,2432.97,697.25,1735.72,71.34%,0.00
2/6/26,2356.95,20.00,0.00,2336.95,680.50,1656.45,70.88%,0.00
2/5/26,2159.96,0.00,0.00,2159.96,616.45,1543.51,71.46%,0.00
2/4/26,2210.93,18.00,0.00,2192.93,630.35,1562.58,71.26%,0.00
2/3/26,1830.97,30.00,0.00,1800.97,526.15,1274.82,70.79%,0.00
2/2/26,1804.96,0.00,0.00,1804.96,521.45,1283.51,71.11%,0.00
2/1/26,0.00,0.00,0.00,0.00,0.00,0.00,0.00%,0.00
1/31/26,2184.95,0.00,0.00,2184.95,629.90,1555.05,71.17%,0.00
1/30/26,2651.96,0.00,0.00,2651.96,790.40,1861.56,70.20%,0.00
1/29/26,1994.90,0.00,0.00,1994.90,563.15,1431.75,71.77%,0.00
1/28/26,1938.97,0.00,0.00,1938.97,541.55,1397.42,72.07%,0.00
1/27/26,1568.94,0.00,0.00,1568.94,428.85,1140.09,72.67%,0.00
1/26/26,1961.92,0.00,0.00,1961.92,565.80,1396.12,71.16%,0.00
1/25/26,0.00,0.00,0.00,0.00,0.00,0.00,0.00%,0.00
1/24/26,2204.95,34.00,0.00,2170.95,621.05,1549.90,71.39%,0.00
1/23/26,1981.95,0.00,0.00,1981.95,558.65,1423.30,71.81%,0.00
1/22/26,1912.98,16.00,0.00,1896.98,564.65,1332.33,70.23%,0.00
1/21/26,1740.98,0.00,0.00,1740.98,507.10,1233.88,70.87%,0.00
1/20/26,1738.93,0.00,0.00,1738.93,484.05,1254.88,72.16%,0.00
1/19/26,1928.96,0.00,0.00,1928.96,554.45,1374.51,71.26%,0.00
1/18/26,0.00,0.00,0.00,0.00,0.00,0.00,0.00%,0.00
1/17/26,1882.92,0.00,0.00,1882.92,530.90,1352.02,71.80%,0.00
1/16/26,2534.98,0.00,0.00,2534.98,721.30,1813.68,71.55%,0.00
1/15/26,1632.96,0.00,0.00,1632.96,462.45,1170.51,71.68%,0.00
1/14/26,2092.95,0.00,0.00,2092.95,576.75,1516.20,72.44%,0.00
1/13/26,1411.94,0.00,0.00,1411.94,387.90,1024.04,72.53%,0.00
1/12/26,1833.93,0.00,0.00,1833.93,527.30,1306.63,71.25%,0.00
1/11/26,0.00,0.00,0.00,0.00,0.00,0.00,0.00%,0.00
1/10/26,2248.89,0.00,0.00,2248.89,595.80,1653.09,73.51%,0.00
1/9/26,2753.98,0.00,0.00,2753.98,792.20,1961.78,71.23%,0.00
1/8/26,2006.98,0.00,0.00,2006.98,572.85,1434.13,71.46%,0.00
1/7/26,1886.96,0.00,0.00,1886.96,549.10,1337.86,70.90%,0.00
1/6/26,2268.95,0.00,0.00,2268.95,665.10,1603.85,70.69%,0.00
1/5/26,2053.98,18.00,0.00,2035.98,584.80,1451.18,71.28%,0.00
1/4/26,0.00,0.00,0.00,0.00,0.00,0.00,0.00%,0.00
1/3/26,2286.99,2.00,50.00,2234.99,645.70,1589.29,71.11%,0.00
1/2/26,2414.90,17.98,0.00,2396.92,670.55,1726.37,72.02%,0.00
1/1/26,0.00,0.00,0.00,0.00,0.00,0.00,0.00%,0.00
12/31/25,2293.95,0.00,4.48,2289.47,680.00,1609.47,70.30%,0.00
12/30/25,2078.95,0.00,0.00,2078.95,606.10,1472.85,70.85%,0.00
12/29/25,2074.88,0.00,0.00,2074.88,571.30,1503.58,72.47%,0.00
12/28/25,0.00,0.00,0.00,0.00,0.00,0.00,0.00%,0.00
12/27/25,1926.96,0.00,0.00,1926.96,517.80,1409.16,73.13%,0.00
12/26/25,0.00,0.00,0.00,0.00,0.00,0.00,0.00%,0.00
12/25/25,0.00,0.00,0.00,0.00,0.00,0.00,0.00%,0.00
12/24/25,2457.96,0.00,0.00,2457.96,696.55,1761.41,71.66%,0.00
12/23/25,2923.94,0.00,10.00,2913.94,849.00,2064.94,70.86%,0.00
12/22/25,2759.91,0.00,2.00,2757.91,771.50,1986.41,72.03%,0.00
12/21/25,0.00,0.00,0.00,0.00,0.00,0.00,0.00%,0.00
12/20/25,2496.99,0.00,0.00,2496.99,694.20,1802.79,72.20%,0.00
12/19/25,2320.90,0.00,0.00,2320.90,645.45,1675.45,72.19%,0.00
12/18/25,2265.96,0.00,4.00,2261.96,657.95,1604.01,70.91%,0.00
12/17/25,2316.94,0.00,1.00,2315.94,683.85,1632.09,70.47%,0.00
12/16/25,2283.94,0.00,0.00,2283.94,666.80,1617.14,70.80%,0.00
12/15/25,2289.95,16.00,0.00,2273.95,659.80,1614.15,70.98%,0.00
12/14/25,0.00,0.00,0.00,0.00,0.00,0.00,0.00%,0.00
12/13/25,2061.90,0.00,0.00,2061.90,595.90,1466.00,71.10%,0.00
12/12/25,2837.92,0.00,0.00,2837.92,824.10,2013.82,70.96%,0.00
12/11/25,2374.94,0.00,0.00,2374.94,677.10,1697.84,71.49%,0.00
12/10/25,2110.93,15.00,0.00,2095.93,594.40,1501.53,71.64%,0.00
12/9/25,1750.93,0.00,0.00,1750.93,486.00,1264.93,72.24%,0.00
12/8/25,1815.97,25.00,0.00,1790.97,495.75,1295.22,72.32%,0.00
12/7/25,0.00,0.00,0.00,0.00,0.00,0.00,0.00%,0.00
12/6/25,2116.95,0.00,0.00,2116.95,561.95,1555.00,73.45%,0.00
12/5/25,2428.94,0.00,0.00,2428.94,696.45,1732.49,71.33%,0.00
12/4/25,2111.94,0.00,0.00,2111.94,589.70,1522.24,72.08%,0.00
12/3/25,2223.96,0.00,0.00,2223.96,644.35,1579.61,71.03%,0.00
12/2/25,1756.96,0.00,0.00,1756.96,492.45,1264.51,71.97%,0.00
12/1/25,2419.94,0.00,0.00,2419.94,672.35,1747.59,72.22%,0.00
11/30/25,0.00,0.00,0.00,0.00,0.00,0.00,0.00%,0.00
11/29/25,2056.94,0.00,0.00,2056.94,580.40,1476.54,71.78%,0.00
11/28/25,2393.99,0.00,0.00,2393.99,703.25,1690.74,70.62%,0.00
11/27/25,1278.97,0.00,0.00,1278.97,378.20,900.77,70.43%,0.00
11/26/25,2104.92,0.00,0.00,2104.92,569.25,1535.67,72.96%,0.00
11/25/25,1967.98,0.00,0.00,1967.98,591.05,1376.93,69.97%,0.00
11/24/25,0.00,0.00,0.00,0.00,0.00,0.00,0.00%,0.00
11/23/25,0.00,0.00,0.00,0.00,0.00,0.00,0.00%,0.00
11/22/25,1717.94,0.00,0.00,1717.94,484.65,1233.29,71.79%,0.00
11/21/25,2683.96,0.00,0.00,2683.96,760.90,1923.06,71.65%,0.00
11/20/25,1641.98,0.00,0.00,1641.98,481.55,1160.43,70.67%,0.00
11/19/25,2396.94,0.00,0.00,2396.94,674.00,1722.94,71.88%,0.00
11/18/25,1099.96,0.00,0.00,1099.96,304.20,795.76,72.34%,0.00
11/17/25,1835.94,0.00,0.00,1835.94,520.90,1315.04,71.63%,0.00
11/16/25,0.00,0.00,0.00,0.00,0.00,0.00,0.00%,0.00
11/15/25,2621.94,0.00,0.00,2621.94,766.75,1855.19,70.76%,0.00
11/14/25,2395.94,14.00,0.00,2381.94,705.60,1676.34,70.38%,0.00
11/13/25,1829.98,0.00,0.00,1829.98,542.15,1287.83,70.37%,0.00
11/12/25,1839.95,14.00,0.00,1825.95,538.50,1287.45,70.51%,0.00
11/11/25,1675.98,32.00,0.00,1643.98,478.45,1165.53,70.90%,0.00
11/10/25,1863.98,0.00,0.00,1863.98,559.90,1304.08,69.96%,0.00
11/9/25,0.00,0.00,0.00,0.00,0.00,0.00,0.00%,0.00
11/8/25,2165.94,0.00,0.00,2165.94,642.15,1523.79,70.35%,0.00
11/7/25,2844.96,18.00,0.00,2826.96,838.50,1988.46,70.34%,0.00
11/6/25,1773.94,0.00,0.00,1773.94,529.55,1244.39,70.15%,0.00
11/5/25,2023.95,14.00,0.00,2009.95,600.70,1409.25,70.11%,0.00
11/4/25,1385.96,0.00,0.00,1385.96,404.90,981.06,70.79%,0.00
11/3/25,2051.96,0.00,0.00,2051.96,615.65,1436.31,70.00%,0.00
11/2/25,0.00,0.00,0.00,0.00,0.00,0.00,0.00%,0.00
11/1/25,2032.96,0.00,0.00,2032.96,617.40,1415.56,69.63%,0.00
10/31/25,2334.98,46.00,0.00,2288.98,668.50,1620.48,70.79%,0.00
10/30/25,1833.98,0.00,0.00,1833.98,528.40,1305.58,71.19%,0.00
10/29/25,2043.00,0.00,0.00,2043.00,609.65,1433.35,70.16%,0.00
10/28/25,2282.97,0.00,0.00,2282.97,692.80,1590.17,69.65%,0.00
10/27/25,1515.96,0.00,0.00,1515.96,441.90,1074.06,70.85%,0.00
10/26/25,0.00,0.00,0.00,0.00,0.00,0.00,0.00%,0.00
10/25/25,2099.94,0.00,0.00,2099.94,605.50,1494.44,71.17%,0.00
10/24/25,2400.91,0.00,0.00,2400.91,702.65,1698.26,70.73%,0.00
10/23/25,2132.97,0.00,0.00,2132.97,637.10,1495.87,70.13%,0.00
10/22/25,2029.97,56.00,0.00,1973.97,577.60,1396.37,70.74%,0.00
10/21/25,1616.92,0.00,0.00,1616.92,464.40,1152.52,71.28%,0.00
10/20/25,0.00,0.00,0.00,0.00,0.00,0.00,0.00%,0.00
10/19/25,0.00,0.00,0.00,0.00,0.00,0.00,0.00%,0.00
10/18/25,1913.92,20.00,0.00,1893.92,548.50,1345.42,71.04%,0.00
10/17/25,2734.97,0.00,0.00,2734.97,820.60,1914.37,70.00%,0.00
10/16/25,2238.99,0.00,0.00,2238.99,670.80,1568.19,70.04%,0.00
10/15/25,2536.89,0.00,0.00,2536.89,734.75,1802.14,71.04%,0.00
10/14/25,1904.99,0.00,0.00,1904.99,572.70,1332.29,69.94%,0.00
10/13/25,1992.97,0.00,0.00,1992.97,595.50,1397.47,70.12%,0.00
10/12/25,0.00,0.00,0.00,0.00,0.00,0.00,0.00%,0.00
10/11/25,1865.96,0.00,0.00,1865.96,551.35,1314.61,70.45%,0.00
10/10/25,2002.94,0.00,0.00,2002.94,600.40,1402.54,70.02%,0.00
10/9/25,2192.96,0.00,0.00,2192.96,651.35,1541.61,70.30%,0.00
10/8/25,2173.99,0.00,0.00,2173.99,671.20,1502.79,69.13%,0.00
10/7/25,1874.95,0.00,0.00,1874.95,548.70,1326.25,70.74%,0.00
10/6/25,1944.93,0.00,0.00,1944.93,572.45,1372.48,70.57%,0.00
10/5/25,0.00,0.00,0.00,0.00,0.00,0.00,0.00%,0.00
10/4/25,1631.98,0.00,0.00,1631.98,552.00,1079.98,66.18%,0.00
10/3/25,2895.97,24.00,0.00,2871.97,963.00,1908.97,66.47%,0.00
10/2/25,2424.97,0.00,0.00,2424.97,822.05,1602.92,66.10%,0.00
10/1/25,1697.96,0.00,0.00,1697.96,577.00,1120.96,66.02%,0.00
9/30/25,1873.97,0.00,0.00,1873.97,640.05,1233.92,65.85%,0.00
9/29/25,1866.94,0.00,0.00,1866.94,616.35,1250.59,66.99%,0.00
9/28/25,0.00,0.00,0.00,0.00,0.00,0.00,0.00%,0.00
9/27/25,1807.99,0.00,0.00,1807.99,610.15,1197.84,66.25%,0.00
9/26/25,2643.95,14.00,0.00,2629.95,874.25,1755.70,66.76%,0.00
9/25/25,1882.98,0.00,0.00,1882.98,629.05,1253.93,66.59%,0.00
9/24/25,1870.91,0.00,0.00,1870.91,620.05,1250.86,66.86%,0.00
9/23/25,1638.99,0.00,0.00,1638.99,555.20,1083.79,66.13%,0.00
9/22/25,1631.97,0.00,0.00,1631.97,556.70,1075.27,65.89%,0.00
9/21/25,0.00,0.00,0.00,0.00,0.00,0.00,0.00%,0.00
9/20/25,1667.96,0.00,0.00,1667.96,570.50,1097.46,65.80%,0.00
9/19/25,2724.93,0.00,0.00,2724.93,915.30,1809.63,66.41%,0.00
9/18/25,1608.95,0.00,0.00,1608.95,532.60,1076.35,66.90%,0.00
9/17/25,1964.97,0.00,0.00,1964.97,661.45,1303.52,66.34%,0.00
9/16/25,1722.95,0.00,0.00,1722.95,556.25,1166.70,67.72%,0.00
9/15/25,2160.94,0.00,0.00,2160.94,737.20,1423.74,65.89%,0.00
9/14/25,0.00,0.00,0.00,0.00,0.00,0.00,0.00%,0.00
9/13/25,2031.96,0.00,0.00,2031.96,700.65,1331.31,65.52%,0.00
9/12/25,2443.95,0.00,0.00,2443.95,833.25,1610.70,65.91%,0.00
9/11/25,1846.93,0.00,0.00,1846.93,622.75,1224.18,66.28%,0.00
9/10/25,1823.94,0.00,0.00,1823.94,601.05,1222.89,67.05%,0.00
9/9/25,1839.98,0.00,0.00,1839.98,627.15,1212.83,65.92%,0.00
9/8/25,1625.95,0.00,0.00,1625.95,547.55,1078.40,66.32%,0.00
9/7/25,0.00,0.00,0.00,0.00,0.00,0.00,0.00%,0.00
9/6/25,1592.00,0.00,0.00,1592.00,531.80,1060.20,66.60%,0.00
9/5/25,2775.92,0.00,0.00,2775.92,935.40,1840.52,66.30%,0.00
9/4/25,1707.98,0.00,0.00,1707.98,578.35,1129.63,66.14%,0.00
9/3/25,1990.95,0.00,0.00,1990.95,669.65,1321.30,66.37%,0.00
9/2/25,2090.97,0.00,0.00,2090.97,694.65,1396.32,66.78%,0.00
9/1/25,2182.90,0.00,0.00,2182.90,729.50,1453.40,66.58%,0.00
8/31/25,0.00,0.00,0.00,0.00,0.00,0.00,0.00%,0.00
8/30/25,2278.92,0.00,0.00,2278.92,756.90,1522.02,66.79%,0.00
8/29/25,2320.99,0.00,0.00,2320.99,792.00,1528.99,65.88%,0.00
8/28/25,2336.92,0.00,0.00,2336.92,778.70,1558.22,66.68%,0.00
8/27/25,2080.94,0.00,0.00,2080.94,670.10,1410.84,67.80%,0.00
8/26/25,1362.99,0.00,0.00,1362.99,464.55,898.44,65.92%,0.00
8/25/25,2181.97,0.00,0.00,2181.97,738.10,1443.87,66.17%,0.00
8/24/25,0.00,0.00,0.00,0.00,0.00,0.00,0.00%,0.00
8/23/25,1289.99,0.00,0.00,1289.99,429.60,860.39,66.70%,0.00
8/22/25,2527.95,0.00,0.00,2527.95,834.10,1693.85,67.00%,0.00
8/21/25,0.00,0.00,0.00,0.00,0.00,0.00,0.00%,0.00
8/20/25,1424.00,0.00,0.00,1424.00,488.65,935.35,65.68%,0.00
8/19/25,2064.94,0.00,0.00,2064.94,685.35,1379.59,66.81%,0.00
8/18/25,1863.94,0.00,0.00,1863.94,622.05,1241.89,66.63%,0.00
8/17/25,0.00,0.00,0.00,0.00,0.00,0.00,0.00%,0.00
8/16/25,550.99,0.00,0.00,550.99,180.55,370.44,67.23%,0.00
8/15/25,2568.94,0.00,0.00,2568.94,842.60,1726.34,67.20%,0.00
8/14/25,2329.95,0.00,0.00,2329.95,779.70,1550.25,66.54%,0.00
8/13/25,2027.97,0.00,0.00,2027.97,675.40,1352.57,66.70%,0.00
8/12/25,1998.92,0.00,0.00,1998.92,660.50,1338.42,66.96%,0.00
8/11/25,2605.96,0.00,0.00,2605.96,879.10,1726.86,66.27%,0.00
8/10/25,0.00,0.00,0.00,0.00,0.00,0.00,0.00%,0.00
8/9/25,1708.92,0.00,0.00,1708.92,560.30,1148.62,67.21%,0.00
8/8/25,2183.96,0.00,0.00,2183.96,733.30,1450.66,66.42%,0.00
8/7/25,2541.98,0.00,0.00,2541.98,867.60,1674.38,65.87%,0.00
8/6/25,0.00,0.00,0.00,0.00,0.00,0.00,0.00%,0.00
8/5/25,0.00,0.00,0.00,0.00,0.00,0.00,0.00%,0.00
8/4/25,0.00,0.00,0.00,0.00,0.00,0.00,0.00%,0.00
8/3/25,0.00,0.00,0.00,0.00,0.00,0.00,0.00%,0.00
8/2/25,2046.97,0.00,0.00,2046.97,683.50,1363.47,66.61%,0.00
8/1/25,1966.97,0.00,0.00,1966.97,655.75,1311.22,66.66%,0.00
7/31/25,2826.97,14.00,0.00,2812.97,936.40,1876.57,66.71%,0.00
7/30/25,2178.97,0.00,0.00,2178.97,734.95,1444.02,66.27%,0.00
7/29/25,2084.95,0.00,0.00,2084.95,688.75,1396.20,66.97%,0.00
7/28/25,2004.92,0.00,0.00,2004.92,671.25,1333.67,66.52%,0.00
7/27/25,0.00,0.00,0.00,0.00,0.00,0.00,0.00%,0.00
7/26/25,1622.97,0.00,0.00,1622.97,557.60,1065.37,65.64%,0.00
7/25/25,2635.97,0.00,2.00,2633.97,869.55,1764.42,66.99%,0.00
7/24/25,2334.97,0.00,0.00,2334.97,797.25,1537.72,65.86%,0.00
7/23/25,1863.97,0.00,0.00,1863.97,635.10,1228.87,65.93%,0.00
7/22/25,1974.96,14.00,0.00,1960.96,679.10,1281.86,65.37%,0.00
7/21/25,1827.96,0.00,0.00,1827.96,629.70,1198.26,65.55%,0.00
7/20/25,0.00,0.00,0.00,0.00,0.00,0.00,0.00%,0.00
7/19/25,2198.96,0.00,0.00,2198.96,735.00,1463.96,66.58%,0.00
7/18/25,2533.93,0.00,0.00,2533.93,843.60,1690.33,66.71%,0.00
7/17/25,2065.98,0.00,0.00,2065.98,687.25,1378.73,66.73%,0.00
7/16/25,1948.99,0.00,0.00,1948.99,658.60,1290.39,66.21%,0.00
7/15/25,2177.95,12.00,0.00,2165.95,726.45,1439.50,66.46%,0.00
7/14/25,2270.96,0.00,0.00,2270.96,763.20,1507.76,66.39%,0.00
7/13/25,0.00,0.00,0.00,0.00,0.00,0.00,0.00%,0.00
7/12/25,1603.92,0.00,0.00,1603.92,534.30,1069.62,66.69%,0.00
7/11/25,2502.94,0.00,0.00,2502.94,836.25,1666.69,66.59%,0.00
7/10/25,1776.97,0.00,0.00,1776.97,612.85,1164.12,65.51%,0.00
7/9/25,2200.96,0.00,0.00,2200.96,735.30,1465.66,66.59%,0.00
7/8/25,1958.97,0.00,0.00,1958.97,662.75,1296.22,66.17%,0.00
7/7/25,0.00,0.00,0.00,0.00,0.00,0.00,0.00%,0.00
7/6/25,0.00,0.00,0.00,0.00,0.00,0.00,0.00%,0.00
7/5/25,1956.97,0.00,0.00,1956.97,650.85,1306.12,66.74%,0.00
7/4/25,2469.92,0.00,0.00,2469.92,825.15,1644.77,66.59%,0.00
7/3/25,2472.95,0.00,0.00,2472.95,822.90,1650.05,66.72%,0.00
7/2/25,2369.97,0.00,0.00,2369.97,810.15,1559.82,65.82%,0.00
7/1/25,2469.98,0.00,0.00,2469.98,832.10,1637.88,66.31%,0.00
6/30/25,2015.93,0.00,0.00,2015.93,659.00,1356.93,67.31%,0.00
6/29/25,0.00,0.00,0.00,0.00,0.00,0.00,0.00%,0.00
6/28/25,2222.96,0.00,0.00,2222.96,761.70,1461.26,65.73%,0.00
6/27/25,2634.97,0.00,0.00,2634.97,880.40,1754.57,66.59%,0.00
6/26/25,2324.97,0.00,0.00,2324.97,787.20,1537.77,66.14%,0.00
6/25/25,2055.95,0.00,0.00,2055.95,690.00,1365.95,66.44%,0.00
6/24/25,2696.97,0.00,0.00,2696.97,905.05,1791.92,66.44%,0.00
6/23/25,2000.95,0.00,0.00,2000.95,664.15,1336.80,66.81%,0.00
6/22/25,0.00,0.00,0.00,0.00,0.00,0.00,0.00%,0.00
6/21/25,2226.91,0.00,0.00,2226.91,725.45,1501.46,67.42%,0.00
6/20/25,2522.93,0.00,0.00,2522.93,849.95,1672.98,66.31%,0.00
6/19/25,2578.94,0.00,0.00,2578.94,862.35,1716.59,66.56%,0.00
6/18/25,2087.96,0.00,0.00,2087.96,718.30,1369.66,65.60%,0.00
6/17/25,2168.96,0.00,0.00,2168.96,720.30,1448.66,66.79%,0.00
6/16/25,1929.93,0.00,0.00,1929.93,648.50,1281.43,66.40%,0.00
6/15/25,0.00,0.00,0.00,0.00,0.00,0.00,0.00%,0.00
6/14/25,1818.97,0.00,0.00,1818.97,619.75,1199.22,65.93%,0.00
6/13/25,1261.99,0.00,0.00,1261.99,439.85,822.14,65.15%,0.00
6/12/25,2843.96,0.00,0.00,2843.96,958.75,1885.21,66.29%,0.00
6/11/25,2132.97,0.00,0.00,2132.97,714.55,1418.42,66.50%,0.00
6/10/25,2401.97,0.00,0.00,2401.97,803.70,1598.27,66.54%,0.00
6/9/25,0.00,0.00,0.00,0.00,0.00,0.00,0.00%,0.00
6/8/25,0.00,0.00,0.00,0.00,0.00,0.00,0.00%,0.00
6/7/25,2374.96,0.00,0.00,2374.96,805.95,1569.01,66.06%,0.00
6/6/25,2430.97,0.00,0.00,2430.97,805.05,1625.92,66.88%,0.00
6/5/25,2089.97,0.00,0.00,2089.97,715.80,1374.17,65.75%,0.00
6/4/25,1872.95,0.00,0.00,1872.95,646.00,1226.95,65.51%,0.00
6/3/25,2011.95,0.00,0.00,2011.95,668.70,1343.25,66.76%,0.00
6/2/25,1784.97,0.00,0.00,1784.97,615.40,1169.57,65.52%,0.00
6/1/25,0.00,0.00,0.00,0.00,0.00,0.00,0.00%,0.00
5/31/25,1839.99,0.00,0.00,1839.99,628.90,1211.09,65.82%,0.00
5/30/25,2012.99,0.00,0.00,2012.99,665.90,1347.09,66.92%,0.00
5/29/25,2221.00,0.00,0.00,2221.00,760.30,1460.70,65.77%,0.00
5/28/25,1957.96,0.00,0.00,1957.96,652.50,1305.46,66.67%,0.00
5/27/25,2379.98,0.00,0.00,2379.98,806.45,1573.53,66.12%,0.00
5/26/25,1743.95,0.00,0.00,1743.95,597.15,1146.80,65.76%,0.00
5/25/25,0.00,0.00,0.00,0.00,0.00,0.00,0.00%,0.00
5/24/25,1980.00,0.00,0.00,1980.00,680.75,1299.25,65.62%,0.00
5/23/25,2616.97,0.00,0.00,2616.97,879.00,1737.97,66.41%,0.00
5/22/25,1771.97,0.00,0.00,1771.97,583.50,1188.47,67.07%,0.00
5/21/25,2117.97,0.00,0.00,2117.97,710.80,1407.17,66.44%,0.00
5/20/25,1514.98,0.00,0.00,1514.98,523.85,991.13,65.42%,0.00
5/19/25,2177.90,0.00,0.00,2177.90,717.60,1460.30,67.05%,0.00
5/18/25,0.00,0.00,0.00,0.00,0.00,0.00,0.00%,0.00
5/17/25,1844.99,0.00,0.00,1844.99,616.85,1228.14,66.57%,0.00
5/16/25,2362.96,0.00,0.00,2362.96,788.90,1574.06,66.61%,0.00
5/15/25,2232.95,0.00,0.00,2232.95,761.10,1471.85,65.92%,0.00
5/14/25,1991.99,0.00,0.00,1991.99,696.40,1295.59,65.04%,0.00
5/13/25,1797.96,0.00,0.00,1797.96,611.40,1186.56,65.99%,0.00
5/12/25,1881.98,0.00,0.00,1881.98,646.95,1235.03,65.62%,0.00
5/11/25,0.00,0.00,0.00,0.00,0.00,0.00,0.00%,0.00
5/10/25,2262.99,0.00,0.00,2262.99,766.30,1496.69,66.14%,0.00
5/9/25,2685.96,0.00,0.00,2685.96,918.55,1767.41,65.80%,0.00
5/8/25,2274.97,0.00,0.00,2274.97,752.25,1522.72,66.93%,0.00
5/7/25,1779.98,0.00,0.00,1779.98,607.35,1172.63,65.88%,0.00
5/6/25,2030.98,0.00,0.00,2030.98,698.95,1332.03,65.59%,0.00
5/5/25,2515.92,0.00,0.00,2515.92,825.65,1690.27,67.18%,0.00
5/4/25,0.00,0.00,0.00,0.00,0.00,0.00,0.00%,0.00
5/3/25,2274.00,0.00,0.00,2274.00,778.40,1495.60,65.77%,0.00
5/2/25,2599.96,19.00,0.00,2580.96,873.45,1707.51,66.16%,0.00
5/1/25,1931.97,25.00,0.00,1906.97,628.80,1278.17,67.03%,0.00
4/30/25,2553.96,0.00,0.00,2553.96,842.45,1711.51,67.01%,0.00
4/29/25,1713.99,0.00,0.00,1713.99,584.35,1129.64,65.91%,0.00
4/28/25,1673.99,0.00,0.00,1673.99,544.15,1129.84,67.49%,0.00
4/27/25,0.00,0.00,0.00,0.00,0.00,0.00,0.00%,0.00
4/26/25,2168.98,36.00,0.00,2132.98,725.15,1407.83,66.00%,0.00
4/25/25,2578.98,0.00,0.00,2578.98,901.35,1677.63,65.05%,0.00
4/24/25,1959.96,0.00,0.00,1959.96,661.40,1298.56,66.25%,0.00
4/23/25,2303.93,0.00,0.00,2303.93,778.35,1525.58,66.22%,0.00
4/22/25,2035.97,0.00,0.00,2035.97,708.90,1327.07,65.18%,0.00
4/21/25,0.00,0.00,0.00,0.00,0.00,0.00,0.00%,0.00
4/20/25,0.00,0.00,0.00,0.00,0.00,0.00,0.00%,0.00
4/19/25,1354.99,0.00,0.00,1354.99,432.95,922.04,68.05%,0.00
4/18/25,0.00,0.00,0.00,0.00,0.00,0.00,0.00%,0.00
4/17/25,2328.98,14.00,10.00,2304.98,787.45,1517.53,65.84%,0.00
4/16/25,2383.96,0.00,0.00,2383.96,809.90,1574.06,66.03%,0.00
4/15/25,2155.98,10.00,23.00,2122.98,716.20,1406.78,66.26%,0.00
4/14/25,2519.96,0.00,0.00,2519.96,851.25,1668.71,66.22%,0.00
4/13/25,0.00,0.00,0.00,0.00,0.00,0.00,0.00%,0.00
4/12/25,1758.96,0.00,0.00,1758.96,566.55,1192.41,67.79%,0.00
4/11/25,2495.97,0.00,0.00,2495.97,835.15,1660.82,66.54%,0.00
4/10/25,2350.97,0.00,28.00,2322.97,784.90,1538.07,66.21%,0.00
4/9/25,2483.00,12.00,0.00,2471.00,829.70,1641.30,66.42%,0.00
4/8/25,2169.98,0.00,0.00,2169.98,732.05,1437.93,66.26%,0.00
4/7/25,1757.95,0.00,0.00,1757.95,592.70,1165.25,66.28%,0.00
4/6/25,0.00,0.00,0.00,0.00,0.00,0.00,0.00%,0.00
4/5/25,2126.98,0.00,32.00,2094.98,710.60,1384.38,66.08%,0.00
4/4/25,2492.98,0.00,25.00,2467.98,841.45,1626.53,65.91%,0.00
4/3/25,1804.47,0.00,0.00,1804.47,608.15,1196.32,66.30%,0.00
4/2/25,2117.99,0.00,0.00,2117.99,720.15,1397.84,66.00%,0.00
4/1/25,2653.97,0.00,0.00,2653.97,893.55,1760.42,66.33%,0.00
3/31/25,2008.98,0.00,0.00,2008.98,672.25,1336.73,66.54%,0.00
3/30/25,0.00,0.00,0.00,0.00,0.00,0.00,0.00%,0.00
3/29/25,1822.99,0.00,0.00,1822.99,629.70,1193.29,65.46%,0.00
3/28/25,2741.98,0.00,0.00,2741.98,943.35,1798.63,65.60%,0.00
3/27/25,2607.98,0.00,0.00,2607.98,874.70,1733.28,66.46%,0.00
3/26/25,2153.96,0.00,19.00,2134.96,721.65,1413.31,66.20%,0.00
3/25/25,2002.98,0.00,0.00,2002.98,676.60,1326.38,66.22%,0.00
3/24/25,1968.99,0.00,0.00,1968.99,683.25,1285.74,65.30%,0.00
3/23/25,0.00,0.00,0.00,0.00,0.00,0.00,0.00%,0.00
3/22/25,2046.97,0.00,0.00,2046.97,683.10,1363.87,66.63%,0.00
3/21/25,2767.99,0.00,0.00,2767.99,947.65,1820.34,65.76%,0.00
3/20/25,2388.00,0.00,0.00,2388.00,817.70,1570.30,65.76%,0.00
3/19/25,1725.99,0.00,0.00,1725.99,583.45,1142.54,66.20%,0.00
3/18/25,2095.99,0.00,0.00,2095.99,707.90,1388.09,66.23%,0.00
3/17/25,1894.98,0.00,0.00,1894.98,647.55,1247.43,65.83%,0.00
3/16/25,0.00,0.00,0.00,0.00,0.00,0.00,0.00%,0.00
3/15/25,2180.99,0.00,0.00,2180.99,734.10,1446.89,66.34%,0.00
3/14/25,2228.98,0.00,0.00,2228.98,767.60,1461.38,65.56%,0.00
3/13/25,2303.98,0.00,0.00,2303.98,788.95,1515.03,65.76%,0.00
3/12/25,1920.94,0.00,0.00,1920.94,642.85,1278.09,66.53%,0.00
3/11/25,1927.93,0.00,13.00,1914.93,655.20,1259.73,65.78%,0.00
3/10/25,1930.99,0.00,0.00,1930.99,665.65,1265.34,65.53%,0.00
3/9/25,0.00,0.00,0.00,0.00,0.00,0.00,0.00%,0.00
3/8/25,1966.00,0.00,0.00,1966.00,663.10,1302.90,66.27%,0.00
3/7/25,2578.99,0.00,0.00,2578.99,891.25,1687.74,65.44%,0.00
3/6/25,2197.98,10.00,0.00,2187.98,769.30,1418.68,64.84%,0.00
3/5/25,1976.96,0.00,0.00,1976.96,681.30,1295.66,65.54%,0.00
3/4/25,2252.98,12.00,0.00,2240.98,749.85,1491.13,66.54%,0.00
3/3/25,0.00,0.00,0.00,0.00,0.00,0.00,0.00%,0.00
3/2/25,0.00,0.00,0.00,0.00,0.00,0.00,0.00%,0.00
3/1/25,2326.99,0.00,15.00,2311.99,782.70,1529.29,66.15%,0.00
2/28/25,2756.98,0.00,0.00,2756.98,931.90,1825.08,66.20%,0.00
2/27/25,2154.95,0.00,0.00,2154.95,724.35,1430.60,66.39%,0.00
2/26/25,2426.98,0.00,0.00,2426.98,807.25,1619.73,66.74%,0.00
2/25/25,2116.97,0.00,0.00,2116.97,702.20,1414.77,66.83%,0.00
2/24/25,2191.94,0.00,0.00,2191.94,729.95,1461.99,66.70%,0.00
2/23/25,0.00,0.00,0.00,0.00,0.00,0.00,0.00%,0.00
2/22/25,1914.98,0.00,29.00,1885.98,625.70,1260.28,66.82%,0.00
2/21/25,2552.00,0.00,14.00,2538.00,850.00,1688.00,66.51%,0.00
2/20/25,2410.94,0.00,0.00,2410.94,803.40,1607.54,66.68%,0.00
2/19/25,2229.96,0.00,0.00,2229.96,749.65,1480.31,66.38%,0.00
2/18/25,2188.94,0.00,0.00,2188.94,722.95,1465.99,66.97%,0.00
2/17/25,2035.98,0.00,18.00,2017.98,702.90,1315.08,65.17%,0.00
2/16/25,0.00,0.00,0.00,0.00,0.00,0.00,0.00%,0.00
2/15/25,2265.96,0.00,17.00,2248.96,772.60,1476.36,65.65%,0.00
2/14/25,2723.98,0.00,30.00,2693.98,917.65,1776.33,65.94%,0.00
2/13/25,1724.00,0.00,12.00,1712.00,586.15,1125.85,65.76%,0.00
2/12/25,2124.99,0.00,16.00,2108.99,723.20,1385.79,65.71%,0.00
2/11/25,1779.00,0.00,14.00,1765.00,612.95,1152.05,65.27%,0.00
2/10/25,1823.99,0.00,0.00,1823.99,611.70,1212.29,66.46%,0.00
2/9/25,0.00,0.00,0.00,0.00,0.00,0.00,0.00%,0.00
2/8/25,1665.00,0.00,32.00,1633.00,557.75,1075.25,65.85%,0.00
2/7/25,2447.98,0.00,12.00,2435.98,812.60,1623.38,66.64%,0.00
2/6/25,2288.95,0.00,0.00,2288.95,765.20,1523.75,66.57%,0.00
2/5/25,2302.98,0.00,0.00,2302.98,774.60,1528.38,66.37%,0.00
2/4/25,1944.00,0.00,0.00,1944.00,653.90,1290.10,66.36%,0.00
2/3/25,2038.00,12.00,0.00,2026.00,688.10,1337.90,66.04%,0.00
2/2/25,0.00,0.00,0.00,0.00,0.00,0.00,0.00%,0.00
2/1/25,2289.97,82.00,0.00,2207.97,729.70,1478.27,66.95%,0.00
1/31/25,2824.96,14.00,2.10,2808.86,943.00,1865.86,66.43%,0.00
1/30/25,2394.97,0.00,0.00,2394.97,788.80,1606.17,67.06%,0.00
1/29/25,2064.95,0.00,0.00,2064.95,658.30,1406.65,68.12%,0.00
1/28/25,2361.97,16.00,0.00,2345.97,780.90,1565.07,66.71%,0.00
1/27/25,2144.97,0.00,0.00,2144.97,729.75,1415.22,65.98%,0.00
1/26/25,0.00,0.00,0.00,0.00,0.00,0.00,0.00%,0.00
1/25/25,2669.91,0.00,0.00,2669.91,885.85,1784.06,66.82%,0.00
1/24/25,3231.98,0.00,0.00,3231.98,1087.05,2144.93,66.37%,0.00
1/23/25,2773.97,0.00,3.00,2770.97,945.25,1825.72,65.89%,0.00
1/22/25,2568.93,0.00,0.00,2568.93,857.85,1711.08,66.61%,0.00
1/21/25,2354.99,0.00,0.00,2354.99,785.00,1569.99,66.67%,0.00
1/20/25,1721.96,0.00,2.00,1719.96,563.30,1156.66,67.25%,0.00
1/19/25,0.00,0.00,0.00,0.00,0.00,0.00,0.00%,0.00
1/18/25,2423.99,0.00,6.00,2417.99,812.80,1605.19,66.39%,0.00
1/17/25,2993.95,0.00,0.00,2993.95,987.65,2006.30,67.01%,0.00
1/16/25,2554.99,0.00,0.00,2554.99,856.80,1698.19,66.47%,0.00
1/15/25,2665.97,0.00,0.00,2665.97,870.95,1795.02,67.33%,0.00
1/14/25,2174.98,0.00,2.00,2172.98,730.25,1442.73,66.39%,0.00
1/13/25,1783.95,0.00,0.00,1783.95,569.40,1214.55,68.08%,0.00
1/12/25,0.00,0.00,0.00,0.00,0.00,0.00,0.00%,0.00
1/11/25,2428.97,0.00,1.00,2427.97,807.75,1620.22,66.73%,0.00
1/10/25,3070.00,0.00,0.00,3070.00,1052.75,2017.25,65.71%,0.00
1/9/25,1913.95,0.00,4.00,1909.95,607.35,1302.60,68.20%,0.00
1/8/25,1990.97,0.00,0.00,1990.97,658.80,1332.17,66.91%,0.00
1/7/25,2244.98,0.00,0.00,2244.98,773.85,1471.13,65.53%,0.00
1/6/25,2604.99,0.00,17.00,2587.99,856.65,1731.34,66.90%,0.00
1/5/25,0.00,0.00,0.00,0.00,0.00,0.00,0.00%,0.00
1/4/25,2171.99,0.00,0.00,2171.99,724.35,1447.64,66.65%,0.00
1/3/25,2293.00,0.00,0.00,2293.00,789.60,1503.40,65.56%,0.00
1/2/25,2559.97,0.00,0.00,2559.97,862.70,1697.27,66.30%,0.00
1/1/25,0.00,0.00,0.00,0.00,0.00,0.00,0.00%,0.00
12/31/24,2643.93,0.00,1.00,2642.93,862.90,1780.03,67.35%,0.00
12/30/24,2696.96,0.00,3.00,2693.96,895.25,1798.71,66.77%,0.00
12/29/24,0.00,0.00,0.00,0.00,0.00,0.00,0.00%,0.00
12/28/24,2146.00,0.00,0.00,2146.00,732.85,1413.15,65.85%,0.00
12/27/24,2481.99,0.00,0.00,2481.99,844.75,1637.24,65.96%,0.00
12/26/24,0.00,0.00,0.00,0.00,0.00,0.00,0.00%,0.00
12/25/24,0.00,0.00,0.00,0.00,0.00,0.00,0.00%,0.00
12/24/24,2582.94,0.00,0.00,2582.94,859.40,1723.54,66.73%,0.00
12/23/24,2774.00,0.00,0.00,2774.00,933.25,1840.75,66.36%,0.00
12/22/24,0.00,0.00,0.00,0.00,0.00,0.00,0.00%,0.00
12/21/24,2737.98,0.00,0.00,2737.98,920.55,1817.43,66.38%,0.00
12/20/24,2918.95,0.00,0.00,2918.95,961.80,1957.15,67.05%,0.00
12/19/24,2926.92,0.00,0.00,2926.92,950.80,1976.12,67.52%,0.00
12/18/24,2868.99,0.00,0.00,2868.99,981.60,1887.39,65.79%,0.00
12/17/24,2497.93,0.00,2.00,2495.93,808.80,1687.13,67.60%,0.00
12/16/24,2312.97,0.00,3.00,2309.97,780.60,1529.37,66.21%,0.00
12/15/24,0.00,0.00,0.00,0.00,0.00,0.00,0.00%,0.00
12/14/24,2804.94,0.00,0.00,2804.94,930.00,1874.94,66.84%,0.00
12/13/24,2966.94,0.00,3.00,2963.94,996.10,1967.84,66.39%,0.00
12/12/24,2504.93,0.00,0.00,2504.93,822.20,1682.73,67.18%,0.00
12/11/24,2447.97,0.00,0.00,2447.97,803.00,1644.97,67.20%,0.00
12/10/24,2318.95,0.00,0.00,2318.95,765.25,1553.70,67.00%,0.00
12/9/24,2030.00,0.00,2.00,2028.00,689.75,1338.25,65.99%,0.00
12/8/24,0.00,0.00,0.00,0.00,0.00,0.00,0.00%,0.00
12/7/24,2447.94,0.00,4.50,2443.44,820.05,1623.39,66.44%,0.00
12/6/24,2488.96,0.00,0.00,2488.96,839.75,1649.21,66.26%,0.00
12/5/24,2198.98,0.00,0.00,2198.98,729.10,1469.88,66.84%,0.00
12/4/24,2491.95,0.00,0.00,2491.95,793.60,1698.35,68.15%,0.00
12/3/24,1929.96,0.00,0.00,1929.96,639.35,1290.61,66.87%,0.00
12/2/24,2261.97,0.00,4.00,2257.97,765.45,1492.52,66.10%,0.00
12/1/24,0.00,0.00,0.00,0.00,0.00,0.00,0.00%,0.00
11/30/24,2290.98,0.00,0.00,2290.98,756.75,1534.23,66.97%,0.00
11/29/24,2551.98,0.00,3.00,2548.98,866.40,1682.58,66.01%,0.00
11/28/24,1383.97,0.00,0.00,1383.97,450.00,933.97,67.48%,0.00
11/27/24,2195.96,0.00,0.00,2195.96,737.50,1458.46,66.42%,0.00
11/26/24,2024.97,0.00,0.00,2024.97,680.75,1344.22,66.38%,0.00
11/25/24,0.00,0.00,0.00,0.00,0.00,0.00,0.00%,0.00
11/24/24,0.00,0.00,0.00,0.00,0.00,0.00,0.00%,0.00
11/23/24,2220.99,0.00,3.00,2217.99,760.10,1457.89,65.73%,0.00
11/22/24,2292.00,0.00,0.00,2292.00,777.95,1514.05,66.06%,0.00
11/21/24,1937.99,0.00,0.00,1937.99,650.30,1287.69,66.44%,0.00
11/20/24,2132.97,0.00,0.00,2132.97,708.95,1424.02,66.76%,0.00
11/19/24,1940.95,0.00,3.30,1937.65,655.25,1282.40,66.18%,0.00
11/18/24,2063.99,0.00,0.00,2063.99,700.45,1363.54,66.06%,0.00
11/17/24,0.00,0.00,0.00,0.00,0.00,0.00,0.00%,0.00
11/16/24,2023.98,0.00,0.00,2023.98,683.05,1340.93,66.25%,0.00
11/15/24,2760.98,0.00,0.00,2760.98,938.90,1822.08,65.99%,0.00
11/14/24,1872.95,0.00,0.00,1872.95,619.40,1253.55,66.93%,0.00
11/13/24,1711.00,0.00,0.00,1711.00,599.80,1111.20,64.94%,0.00
11/12/24,1751.00,0.00,0.00,1751.00,599.25,1151.75,65.78%,0.00
11/11/24,2016.98,0.00,4.00,2012.98,687.80,1325.18,65.83%,0.00
11/10/24,0.00,0.00,0.00,0.00,0.00,0.00,0.00%,0.00
11/9/24,2190.97,0.00,0.00,2190.97,738.65,1452.32,66.29%,0.00
11/8/24,2294.98,0.00,0.00,2294.98,769.35,1525.63,66.48%,0.00
11/7/24,1855.00,0.00,0.00,1855.00,643.70,1211.30,65.30%,0.00
11/6/24,2195.98,0.00,0.00,2195.98,738.45,1457.53,66.37%,0.00
11/5/24,1444.97,0.00,0.00,1444.97,498.90,946.07,65.47%,0.00
11/4/24,1747.99,0.00,0.00,1747.99,590.65,1157.34,66.21%,0.00
11/3/24,0.00,0.00,0.00,0.00,0.00,0.00,0.00%,0.00
11/2/24,2118.99,0.00,0.00,2118.99,706.55,1412.44,66.66%,0.00
11/1/24,3032.94,0.00,3.00,3029.94,1012.80,2017.14,66.57%,0.00
10/31/24,1844.99,0.00,3.60,1841.39,641.75,1199.64,65.15%,0.00
10/30/24,1792.99,0.00,0.00,1792.99,601.10,1191.89,66.47%,0.00
10/29/24,1879.97,0.00,0.00,1879.97,648.15,1231.82,65.52%,0.00
10/28/24,2156.96,0.00,0.00,2156.96,749.00,1407.96,65.28%,0.00
10/27/24,0.00,0.00,0.00,0.00,0.00,0.00,0.00%,0.00
10/26/24,1797.97,0.00,0.00,1797.97,588.80,1209.17,67.25%,0.00
10/25/24,2733.99,0.00,0.00,2733.99,914.90,1819.09,66.54%,0.00
10/24/24,2575.98,0.00,2.00,2573.98,879.35,1694.63,65.84%,0.00
10/23/24,1922.98,0.00,0.00,1922.98,653.55,1269.43,66.01%,0.00
10/22/24,2412.99,0.00,0.00,2412.99,813.75,1599.24,66.28%,0.00
10/21/24,0.00,0.00,0.00,0.00,0.00,0.00,0.00%,0.00
10/20/24,0.00,0.00,0.00,0.00,0.00,0.00,0.00%,0.00
10/19/24,2550.98,0.00,0.00,2550.98,858.75,1692.23,66.34%,0.00
10/18/24,2439.96,0.00,0.00,2439.96,807.50,1632.46,66.91%,0.00
10/17/24,2057.98,0.00,0.00,2057.98,685.45,1372.53,66.69%,0.00
10/16/24,2019.99,0.00,0.00,2019.99,683.60,1336.39,66.16%,0.00
10/15/24,2343.98,0.00,0.00,2343.98,778.40,1565.58,66.79%,0.00
10/14/24,2045.98,0.00,0.00,2045.98,684.25,1361.73,66.56%,0.00
10/13/24,0.00,0.00,0.00,0.00,0.00,0.00,0.00%,0.00
10/12/24,2366.00,0.00,0.00,2366.00,818.75,1547.25,65.40%,0.00
10/11/24,2649.97,0.00,0.00,2649.97,903.20,1746.77,65.92%,0.00
10/10/24,2185.00,0.00,0.00,2185.00,744.95,1440.05,65.91%,0.00
10/9/24,1869.99,0.00,0.00,1869.99,637.25,1232.74,65.92%,0.00
10/8/24,2083.98,0.00,0.00,2083.98,698.95,1385.03,66.46%,0.00
10/7/24,1807.97,0.00,0.00,1807.97,598.80,1209.17,66.88%,0.00
10/6/24,0.00,0.00,0.00,0.00,0.00,0.00,0.00%,0.00
10/5/24,2209.99,0.00,0.00,2209.99,764.55,1445.44,65.40%,0.00
10/4/24,2710.94,0.00,0.00,2710.94,911.20,1799.74,66.39%,0.00
10/3/24,2144.00,0.00,0.00,2144.00,742.45,1401.55,65.37%,0.00
10/2/24,1866.98,0.00,0.00,1866.98,636.10,1230.88,65.93%,0.00
10/1/24,2360.95,0.00,0.00,2360.95,778.65,1582.30,67.02%,0.00
9/30/24,2093.98,0.00,0.00,2093.98,719.70,1374.28,65.63%,0.00
9/29/24,0.00,0.00,0.00,0.00,0.00,0.00,0.00%,0.00
9/28/24,2207.96,0.00,1.00,2206.96,755.40,1451.56,65.77%,0.00
9/27/24,2810.99,0.00,6.00,2804.99,968.05,1836.94,65.49%,0.00
9/26/24,2241.00,0.00,0.00,2241.00,767.80,1473.20,65.74%,0.00
9/25/24,1923.00,0.00,0.00,1923.00,671.15,1251.85,65.10%,0.00
9/24/24,2097.98,0.00,0.00,2097.98,695.25,1402.73,66.86%,0.00
9/23/24,1855.99,0.00,0.00,1855.99,637.70,1218.29,65.64%,0.00
9/22/24,0.00,0.00,0.00,0.00,0.00,0.00,0.00%,0.00
9/21/24,1873.99,0.00,0.00,1873.99,639.65,1234.34,65.87%,0.00
9/20/24,2865.98,0.00,0.00,2865.98,952.10,1913.88,66.78%,0.00
9/19/24,1828.00,0.00,0.00,1828.00,616.30,1211.70,66.29%,0.00
9/18/24,1835.99,0.00,3.40,1832.59,634.60,1197.99,65.37%,0.00
9/17/24,1854.00,0.00,0.00,1854.00,633.35,1220.65,65.84%,0.00
9/16/24,1565.98,0.00,3.00,1562.98,529.90,1033.08,66.10%,0.00
9/15/24,0.00,0.00,0.00,0.00,0.00,0.00,0.00%,0.00
9/14/24,2328.99,0.00,1.00,2327.99,769.75,1558.24,66.93%,0.00
9/13/24,2713.99,0.00,3.00,2710.99,920.95,1790.04,66.03%,0.00
9/12/24,1983.00,0.00,0.00,1983.00,670.85,1312.15,66.17%,0.00
9/11/24,1957.98,0.00,0.00,1957.98,676.50,1281.48,65.45%,0.00
9/10/24,1579.00,0.00,0.00,1579.00,522.95,1056.05,66.88%,0.00
9/9/24,1814.98,0.00,5.00,1809.98,604.45,1205.53,66.60%,0.00
9/8/24,0.00,0.00,0.00,0.00,0.00,0.00,0.00%,0.00
9/7/24,2072.98,0.00,2.00,2070.98,685.65,1385.33,66.89%,0.00
9/6/24,2820.98,0.00,5.00,2815.98,931.90,1884.08,66.91%,0.00
9/5/24,2606.94,0.00,0.00,2606.94,861.90,1745.04,66.94%,0.00
9/4/24,1915.96,0.00,0.00,1915.96,640.90,1275.06,66.55%,0.00
9/3/24,2404.97,0.00,0.00,2404.97,806.60,1598.37,66.46%,0.00
9/2/24,2137.00,0.00,0.00,2137.00,730.55,1406.45,65.81%,0.00
9/1/24,0.00,0.00,0.00,0.00,0.00,0.00,0.00%,0.00
8/31/24,2651.96,0.00,0.00,2651.96,888.40,1763.56,66.50%,0.00
8/30/24,2781.96,0.00,0.00,2781.96,928.60,1853.36,66.62%,0.00
8/29/24,1937.00,0.00,0.00,1937.00,656.60,1280.40,66.10%,0.00
8/28/24,1704.97,0.00,0.00,1704.97,568.00,1136.97,66.69%,0.00
8/27/24,1960.00,0.00,0.00,1960.00,644.40,1315.60,67.12%,0.00
8/26/24,2040.00,0.00,2.10,2037.90,674.90,1363.00,66.88%,0.00
8/25/24,0.00,0.00,0.00,0.00,0.00,0.00,0.00%,0.00
8/24/24,2276.99,0.00,1.00,2275.99,755.50,1520.49,66.81%,0.00
8/23/24,2580.98,0.00,0.00,2580.98,870.95,1710.03,66.26%,0.00
8/22/24,2309.99,0.00,2.00,2307.99,743.55,1564.44,67.78%,0.00
8/21/24,1921.99,0.00,0.00,1921.99,652.00,1269.99,66.08%,0.00
8/20/24,2309.00,0.00,20.00,2289.00,777.80,1511.20,66.02%,0.00
8/19/24,2059.96,0.00,3.00,2056.96,692.50,1364.46,66.33%,0.00
8/18/24,0.00,0.00,0.00,0.00,0.00,0.00,0.00%,0.00
8/17/24,2059.00,0.00,6.00,2053.00,689.40,1363.60,66.42%,0.00
8/16/24,3248.99,0.00,0.00,3248.99,1066.65,2182.34,67.17%,0.00
8/15/24,2849.97,0.00,6.65,2843.32,971.25,1872.07,65.84%,0.00
8/14/24,0.00,0.00,0.00,0.00,0.00,0.00,0.00%,0.00
8/13/24,1615.97,0.00,0.00,1615.97,543.40,1072.57,66.37%,0.00
8/12/24,1928.98,0.00,4.00,1924.98,654.30,1270.68,66.01%,0.00
8/11/24,0.00,0.00,0.00,0.00,0.00,0.00,0.00%,0.00
8/10/24,2126.00,0.00,7.00,2119.00,717.00,1402.00,66.16%,0.00
8/9/24,2115.98,0.00,0.00,2115.98,721.15,1394.83,65.92%,0.00
8/8/24,2440.99,0.00,0.00,2440.99,833.65,1607.34,65.85%,0.00
8/7/24,0.00,0.00,0.00,0.00,0.00,0.00,0.00%,0.00
8/6/24,0.00,0.00,0.00,0.00,0.00,0.00,0.00%,0.00
8/5/24,0.00,0.00,0.00,0.00,0.00,0.00,0.00%,0.00
8/4/24,0.00,0.00,0.00,0.00,0.00,0.00,0.00%,0.00
8/3/24,1829.99,0.00,2.40,1827.59,609.15,1218.44,66.67%,0.00
8/2/24,1878.99,0.00,0.00,1878.99,634.80,1244.19,66.22%,0.00
8/1/24,2105.94,0.00,0.00,2105.94,682.80,1423.14,67.58%,0.00
7/31/24,2304.99,0.00,0.00,2304.99,769.95,1535.04,66.60%,0.00
7/30/24,2036.99,0.00,2.00,2034.99,682.85,1352.14,66.44%,0.00
7/29/24,1792.99,0.00,0.00,1792.99,616.90,1176.09,65.59%,0.00
7/28/24,0.00,0.00,0.00,0.00,0.00,0.00,0.00%,0.00
7/27/24,2227.97,0.00,5.00,2222.97,725.65,1497.32,67.36%,0.00
7/26/24,2425.98,0.00,2.00,2423.98,831.40,1592.58,65.70%,0.00
7/25/24,2106.99,0.00,0.00,2106.99,706.75,1400.24,66.46%,0.00
7/24/24,1968.99,0.00,0.00,1968.99,649.55,1319.44,67.01%,0.00
7/23/24,2079.98,0.00,2.00,2077.98,671.75,1406.23,67.67%,0.00
7/22/24,1941.97,0.00,0.00,1941.97,639.55,1302.42,67.07%,0.00
7/21/24,0.00,0.00,0.00,0.00,0.00,0.00,0.00%,0.00
7/20/24,2109.00,0.00,0.00,2109.00,707.95,1401.05,66.43%,0.00
7/19/24,2498.97,0.00,1.00,2497.97,833.35,1664.62,66.64%,0.00
7/18/24,2051.99,0.00,3.00,2048.99,677.15,1371.84,66.95%,0.00
7/17/24,1983.99,0.00,0.00,1983.99,679.25,1304.74,65.76%,0.00
7/16/24,2132.00,0.00,0.00,2132.00,716.45,1415.55,66.40%,0.00
7/15/24,1952.99,0.00,0.00,1952.99,646.60,1306.39,66.89%,0.00
7/14/24,0.00,0.00,0.00,0.00,0.00,0.00,0.00%,0.00
7/13/24,2009.95,0.00,0.00,2009.95,657.45,1352.50,67.29%,0.00
7/12/24,2159.96,0.00,0.00,2159.96,728.95,1431.01,66.25%,0.00
7/11/24,2207.97,0.00,0.00,2207.97,730.55,1477.42,66.91%,0.00
7/10/24,2132.99,0.00,1.00,2131.99,718.35,1413.64,66.31%,0.00
7/9/24,2426.94,0.00,0.00,2426.94,810.50,1616.44,66.60%,0.00
7/8/24,1664.99,0.00,0.00,1664.99,562.00,1102.99,66.25%,0.00
7/7/24,0.00,0.00,0.00,0.00,0.00,0.00,0.00%,0.00
7/6/24,2431.98,0.00,1.00,2430.98,822.30,1608.68,66.17%,0.00
7/5/24,2372.99,0.00,0.00,2372.99,793.40,1579.59,66.57%,0.00
7/4/24,2161.98,0.00,0.00,2161.98,715.25,1446.73,66.92%,0.00
7/3/24,1642.95,0.00,0.00,1642.95,527.15,1115.80,67.91%,0.00
7/2/24,1994.00,0.00,4.50,1989.50,675.10,1314.40,66.07%,0.00
7/1/24,0.00,0.00,0.00,0.00,0.00,0.00,0.00%,0.00
6/30/24,0.00,0.00,0.00,0.00,0.00,0.00,0.00%,0.00
6/29/24,2302.00,0.00,0.00,2302.00,767.90,1534.10,66.64%,0.00
6/28/24,2805.96,0.00,0.00,2805.96,925.95,1880.01,67.00%,0.00
6/27/24,2251.00,0.00,1.00,2250.00,754.65,1495.35,66.46%,0.00
6/26/24,1826.97,0.00,3.00,1823.97,599.30,1224.67,67.14%,0.00
6/25/24,1692.99,0.00,0.00,1692.99,546.95,1146.04,67.69%,0.00
6/24/24,1993.00,0.00,0.00,1993.00,678.90,1314.10,65.94%,0.00
6/23/24,0.00,0.00,0.00,0.00,0.00,0.00,0.00%,0.00
6/22/24,2126.99,0.00,0.00,2126.99,715.00,1411.99,66.38%,0.00
6/21/24,2039.96,0.00,0.00,2039.96,687.30,1352.66,66.31%,0.00
6/20/24,1912.98,0.00,0.00,1912.98,648.45,1264.53,66.10%,0.00
6/19/24,1954.98,0.00,1.00,1953.98,669.70,1284.28,65.73%,0.00
6/18/24,1756.99,0.00,3.30,1753.69,578.15,1175.54,67.03%,0.00
6/17/24,1892.49,0.00,0.00,1892.49,635.80,1256.69,66.40%,0.00
6/16/24,0.00,0.00,0.00,0.00,0.00,0.00,0.00%,0.00
6/15/24,1907.98,0.00,0.00,1907.98,633.70,1274.28,66.79%,0.00
6/14/24,0.00,0.00,0.00,0.00,0.00,0.00,0.00%,0.00
6/13/24,2026.99,0.00,5.00,2021.99,666.00,1355.99,67.06%,0.00
6/12/24,1658.99,0.00,0.00,1658.99,549.55,1109.44,66.87%,0.00
6/11/24,1997.00,0.00,0.00,1997.00,653.85,1343.15,67.26%,0.00
6/10/24,1681.00,0.00,0.00,1681.00,564.05,1116.95,66.45%,0.00
6/9/24,0.00,0.00,0.00,0.00,0.00,0.00,0.00%,0.00
6/8/24,2103.97,0.00,14.40,2089.57,709.80,1379.77,66.03%,0.00
6/7/24,2570.00,0.00,0.00,2570.00,877.55,1692.45,65.85%,0.00
6/6/24,1000.97,0.00,0.00,1000.97,331.20,669.77,66.91%,0.00
6/5/24,1360.00,0.00,0.00,1360.00,460.15,899.85,66.17%,0.00
6/4/24,1702.97,0.00,0.00,1702.97,560.05,1142.92,67.11%,0.00
6/3/24,1465.98,0.00,2.10,1463.88,491.65,972.23,66.41%,0.00
6/2/24,0.00,0.00,0.00,0.00,0.00,0.00,0.00%,0.00
6/1/24,2106.96,0.00,7.00,2099.96,704.60,1395.36,66.45%,0.00
5/31/24,3024.99,0.00,7.00,3017.99,1025.55,1992.44,66.02%,0.00
5/30/24,1586.00,0.00,0.00,1586.00,531.20,1054.80,66.51%,0.00
5/29/24,1557.00,0.00,0.00,1557.00,539.10,1017.90,65.38%,0.00
5/28/24,1676.99,0.00,0.00,1676.99,555.60,1121.39,66.87%,0.00
5/27/24,1410.98,0.00,0.00,1410.98,464.10,946.88,67.11%,0.00
5/26/24,0.00,0.00,0.00,0.00,0.00,0.00,0.00%,0.00
5/25/24,2175.97,0.00,0.00,2175.97,730.10,1445.87,66.45%,0.00
5/24/24,2408.99,0.00,0.00,2408.99,803.75,1605.24,66.64%,0.00
5/23/24,1989.99,0.00,0.00,1989.99,675.65,1314.34,66.05%,0.00
5/22/24,1275.99,0.00,0.00,1275.99,438.10,837.89,65.67%,0.00
5/21/24,1289.99,0.00,0.00,1289.99,446.25,843.74,65.41%,0.00
5/20/24,0.00,0.00,0.00,0.00,0.00,0.00,0.00%,0.00
5/19/24,0.00,0.00,0.00,0.00,0.00,0.00,0.00%,0.00
5/18/24,1855.99,0.00,0.00,1855.99,635.15,1220.84,65.78%,0.00
5/17/24,2749.98,0.00,2.00,2747.98,934.30,1813.68,66.00%,0.00
5/16/24,1634.00,0.00,0.00,1634.00,571.50,1062.50,65.02%,0.00
5/15/24,1585.00,0.00,0.00,1585.00,538.90,1046.10,66.00%,0.00
5/14/24,1505.00,0.00,0.00,1505.00,523.30,981.70,65.23%,0.00
5/13/24,1858.96,0.00,3.00,1855.96,625.00,1230.96,66.32%,0.00
5/12/24,0.00,0.00,0.00,0.00,0.00,0.00,0.00%,0.00
5/11/24,1997.99,0.00,0.00,1997.99,667.25,1330.74,66.60%,0.00
5/10/24,2129.99,0.00,2.10,2127.89,720.95,1406.94,66.12%,0.00
5/9/24,1512.00,0.00,0.00,1512.00,499.35,1012.65,66.97%,0.00
5/8/24,1168.00,0.00,0.00,1168.00,402.20,765.80,65.57%,0.00
5/7/24,1512.99,0.00,0.00,1512.99,504.10,1008.89,66.68%,0.00
5/6/24,1250.00,0.00,0.00,1250.00,425.00,825.00,66.00%,0.00
5/5/24,0.00,0.00,0.00,0.00,0.00,0.00,0.00%,0.00
5/4/24,1768.99,0.00,0.00,1768.99,597.25,1171.74,66.24%,0.00
5/3/24,2369.98,0.00,0.00,2369.98,821.75,1548.23,65.33%,0.00
5/2/24,1572.00,0.00,0.00,1572.00,543.95,1028.05,65.40%,0.00
5/1/24,1679.99,0.00,0.00,1679.99,581.55,1098.44,65.38%,0.00
4/30/24,1751.98,0.00,1.00,1750.98,569.00,1181.98,67.50%,0.00
4/29/24,1434.00,0.00,0.00,1434.00,475.35,958.65,66.85%,0.00
4/28/24,0.00,0.00,0.00,0.00,0.00,0.00,0.00%,0.00
4/27/24,1510.99,0.00,0.00,1510.99,516.40,994.59,65.82%,0.00
4/26/24,2081.98,0.00,0.00,2081.98,697.15,1384.83,66.52%,0.00
4/25/24,1814.99,0.00,0.00,1814.99,605.25,1209.74,66.65%,0.00
4/24/24,1499.99,0.00,0.00,1499.99,498.65,1001.34,66.76%,0.00
4/23/24,1429.00,0.00,0.00,1429.00,461.90,967.10,67.68%,0.00
4/22/24,1654.99,0.00,3.00,1651.99,568.30,1083.69,65.60%,0.00
4/21/24,0.00,0.00,0.00,0.00,0.00,0.00,0.00%,0.00
4/20/24,1725.98,0.00,0.00,1725.98,565.80,1160.18,67.22%,0.00
4/19/24,2395.98,0.00,0.00,2395.98,790.20,1605.78,67.02%,0.00
4/18/24,1621.99,0.00,0.00,1621.99,534.85,1087.14,67.03%,0.00
4/17/24,2006.98,0.00,0.00,2006.98,665.65,1341.33,66.83%,0.00
4/16/24,1758.99,0.00,0.00,1758.99,590.10,1168.89,66.45%,0.00
4/15/24,1528.98,0.00,0.00,1528.98,507.10,1021.88,66.83%,0.00
4/14/24,0.00,0.00,0.00,0.00,0.00,0.00,0.00%,0.00
4/13/24,2001.00,0.00,0.00,2001.00,674.20,1326.80,66.31%,0.00
4/12/24,1828.99,0.00,2.80,1826.19,604.60,1221.59,66.89%,0.00
4/11/24,1680.98,0.00,6.60,1674.38,575.05,1099.33,65.66%,0.00
4/10/24,1725.00,0.00,2.10,1722.90,575.25,1147.65,66.61%,0.00
4/9/24,1592.98,0.00,0.00,1592.98,538.80,1054.18,66.18%,0.00
4/8/24,1274.99,0.00,3.00,1271.99,425.30,846.69,66.56%,0.00
4/7/24,0.00,0.00,0.00,0.00,0.00,0.00,0.00%,0.00
4/6/24,2019.99,0.00,0.00,2019.99,658.10,1361.89,67.42%,0.00
4/5/24,2367.98,0.00,4.20,2363.78,788.85,1574.93,66.63%,0.00
4/4/24,1891.00,0.00,0.00,1891.00,644.30,1246.70,65.93%,0.00
4/3/24,1810.97,0.00,0.00,1810.97,603.05,1207.92,66.70%,0.00
4/2/24,1568.00,0.00,0.00,1568.00,516.80,1051.20,67.04%,0.00
4/1/24,0.00,0.00,0.00,0.00,0.00,0.00,0.00%,0.00
3/31/24,0.00,0.00,0.00,0.00,0.00,0.00,0.00%,0.00
3/30/24,1421.98,0.00,0.00,1421.98,481.15,940.83,66.16%,0.00
3/29/24,0.00,0.00,0.00,0.00,0.00,0.00,0.00%,0.00
3/28/24,2041.99,0.00,0.00,2041.99,674.25,1367.74,66.98%,0.00
3/27/24,1397.97,0.00,2.40,1395.57,455.60,939.97,67.35%,0.00
3/26/24,1597.99,0.00,0.00,1597.99,535.60,1062.39,66.48%,0.00
3/25/24,961.99,0.00,0.00,961.99,334.70,627.29,65.21%,0.00
3/24/24,0.00,0.00,0.00,0.00,0.00,0.00,0.00%,0.00
3/23/24,1860.99,0.00,0.00,1860.99,622.80,1238.19,66.53%,0.00
3/22/24,2177.00,0.00,0.00,2177.00,742.15,1434.85,65.91%,0.00
3/21/24,1947.00,0.00,2.00,1945.00,659.25,1285.75,66.11%,0.00
3/20/24,1691.98,0.00,0.00,1691.98,541.15,1150.83,68.02%,0.00
3/19/24,1652.00,0.00,0.00,1652.00,560.75,1091.25,66.06%,0.00
3/18/24,1639.98,0.00,0.00,1639.98,543.20,1096.78,66.88%,0.00
3/17/24,0.00,0.00,0.00,0.00,0.00,0.00,0.00%,0.00
3/16/24,1729.99,0.00,0.00,1729.99,560.20,1169.79,67.62%,0.00
3/15/24,2346.98,0.00,0.00,2346.98,795.15,1551.83,66.12%,0.00
3/14/24,1439.99,0.00,0.00,1439.99,480.75,959.24,66.61%,0.00
3/13/24,1201.99,0.00,3.60,1198.39,406.55,791.84,66.08%,0.00
3/12/24,1300.98,0.00,0.00,1300.98,421.70,879.28,67.59%,0.00
3/11/24,1561.00,0.00,0.00,1561.00,508.45,1052.55,67.43%,0.00
3/10/24,0.00,0.00,0.00,0.00,0.00,0.00,0.00%,0.00
3/9/24,1632.99,0.00,0.00,1632.99,544.45,1088.54,66.66%,0.00
3/8/24,2290.00,0.00,2.10,2287.90,780.20,1507.70,65.90%,0.00
3/7/24,1632.00,0.00,0.00,1632.00,533.10,1098.90,67.33%,0.00
3/6/24,1509.98,0.00,0.00,1509.98,514.50,995.48,65.93%,0.00
3/5/24,1618.99,0.00,0.00,1618.99,550.40,1068.59,66.00%,0.00
3/4/24,0.00,0.00,0.00,0.00,0.00,0.00,0.00%,0.00
3/3/24,0.00,0.00,0.00,0.00,0.00,0.00,0.00%,0.00
3/2/24,1640.96,0.00,0.00,1640.96,520.05,1120.91,68.31%,0.00
3/1/24,2528.00,0.00,0.00,2528.00,857.50,1670.50,66.08%,0.00
2/29/24,1627.00,0.00,1.70,1625.30,560.40,1064.90,65.52%,0.00
2/28/24,1370.00,0.00,0.00,1370.00,465.45,904.55,66.03%,0.00
2/27/24,1466.99,0.00,0.00,1466.99,496.25,970.74,66.17%,0.00
2/26/24,1177.99,0.00,0.00,1177.99,385.90,792.09,67.24%,0.00
2/25/24,0.00,0.00,0.00,0.00,0.00,0.00,0.00%,0.00
2/24/24,1584.99,0.00,0.00,1584.99,520.60,1064.39,67.15%,0.00
2/23/24,2401.96,0.00,2.10,2399.86,793.65,1606.21,66.93%,0.00
2/22/24,1440.00,0.00,1.80,1438.20,493.10,945.10,65.71%,0.00
2/21/24,1505.97,0.00,0.00,1505.97,494.60,1011.37,67.16%,0.00
2/20/24,1382.97,0.00,3.20,1379.77,468.15,911.62,66.07%,0.00
2/19/24,871.98,0.00,0.00,871.98,281.20,590.78,67.75%,0.00
2/18/24,0.00,0.00,0.00,0.00,0.00,0.00,0.00%,0.00
2/17/24,1524.00,0.00,0.00,1524.00,524.45,999.55,65.59%,0.00
2/16/24,1958.99,0.00,4.60,1954.39,662.05,1292.34,66.12%,0.00
2/15/24,1605.99,0.00,4.80,1601.19,524.80,1076.39,67.22%,0.00
2/14/24,1582.00,0.00,0.00,1582.00,532.05,1049.95,66.37%,0.00
2/13/24,1416.98,0.00,3.00,1413.98,469.85,944.13,66.77%,0.00
2/12/24,1103.97,0.00,0.00,1103.97,363.35,740.62,67.09%,0.00
2/11/24,0.00,0.00,0.00,0.00,0.00,0.00,0.00%,0.00
2/10/24,1422.98,0.00,4.90,1418.08,450.05,968.03,68.26%,0.00
2/9/24,1957.99,0.00,19.35,1938.64,662.20,1276.44,65.84%,0.00
2/8/24,1419.99,0.00,1.60,1418.39,463.70,954.69,67.31%,0.00
2/7/24,968.97,0.00,2.40,966.57,335.15,631.42,65.33%,0.00
2/6/24,1635.98,0.00,7.80,1628.18,540.30,1087.88,66.82%,0.00
2/5/24,1231.00,0.00,0.00,1231.00,413.25,817.75,66.43%,0.00
2/4/24,0.00,0.00,0.00,0.00,0.00,0.00,0.00%,0.00
2/3/24,1382.98,0.00,13.00,1369.98,450.05,919.93,67.15%,0.00
2/2/24,2192.00,0.00,0.00,2192.00,733.95,1458.05,66.52%,0.00
2/1/24,1254.99,0.00,9.60,1245.39,417.20,828.19,66.50%,0.00
1/31/24,1455.00,0.00,0.00,1455.00,503.15,951.85,65.42%,0.00
1/30/24,1673.00,0.00,0.00,1673.00,549.30,1123.70,67.17%,0.00
1/29/24,1502.00,0.00,0.00,1502.00,500.80,1001.20,66.66%,0.00
1/28/24,0.00,0.00,0.00,0.00,0.00,0.00,0.00%,0.00
1/27/24,1448.00,0.00,0.00,1448.00,497.75,950.25,65.63%,0.00
1/26/24,1889.00,0.00,2.40,1886.60,649.30,1237.30,65.58%,0.00
1/25/24,1417.99,0.00,17.70,1400.29,466.25,934.04,66.70%,0.00
1/24/24,1181.98,0.00,3.60,1178.38,385.40,792.98,67.29%,0.00
1/23/24,1320.97,0.00,0.00,1320.97,436.25,884.72,66.98%,0.00
1/22/24,1296.99,0.00,12.60,1284.39,431.25,853.14,66.42%,0.00
1/21/24,0.00,0.00,0.00,0.00,0.00,0.00,0.00%,0.00
1/20/24,1826.00,0.00,1.40,1824.60,594.50,1230.10,67.42%,0.00
1/19/24,1930.99,0.00,0.00,1930.99,641.95,1289.04,66.76%,0.00
1/18/24,1363.00,0.00,4.05,1358.95,453.85,905.10,66.60%,0.00
1/17/24,1119.00,0.00,5.60,1113.40,369.15,744.25,66.84%,0.00
1/16/24,1182.96,0.00,9.90,1173.06,369.50,803.56,68.50%,0.00
1/15/24,1536.00,0.00,0.00,1536.00,510.80,1025.20,66.74%,0.00
1/14/24,0.00,0.00,0.00,0.00,0.00,0.00,0.00%,0.00
1/13/24,1539.98,0.00,0.00,1539.98,514.25,1025.73,66.61%,0.00
1/12/24,2516.00,0.00,3.20,2512.80,851.90,1660.90,66.10%,0.00
1/11/24,1264.00,0.00,0.00,1264.00,427.70,836.30,66.16%,0.00
1/10/24,1170.00,0.00,0.00,1170.00,398.20,771.80,65.97%,0.00
1/9/24,1250.99,0.00,0.00,1250.99,417.75,833.24,66.61%,0.00
1/8/24,1639.00,0.00,0.00,1639.00,556.75,1082.25,66.03%,0.00
1/7/24,0.00,0.00,0.00,0.00,0.00,0.00,0.00%,0.00
1/6/24,1666.98,0.00,2.00,1664.98,552.45,1112.53,66.82%,0.00
1/5/24,2316.99,0.00,3.00,2313.99,787.50,1526.49,65.97%,0.00
1/4/24,1706.00,0.00,5.55,1700.45,568.80,1131.65,66.55%,0.00
1/3/24,1904.00,0.00,0.00,1904.00,662.60,1241.40,65.20%,0.00
1/2/24,2013.99,0.00,6.30,2007.69,678.45,1329.24,66.21%,0.00
1/1/24,0.00,0.00,0.00,0.00,0.00,0.00,0.00%,0.00
12/31/23,0.00,0.00,0.00,0.00,0.00,0.00,0.00%,0.00
12/30/23,1440.00,0.00,0.00,1440.00,495.30,944.70,65.60%,0.00
12/29/23,1913.99,0.00,6.15,1907.84,633.50,1274.34,66.79%,0.00
12/28/23,1903.97,0.00,4.00,1899.97,622.10,1277.87,67.26%,0.00
12/27/23,1557.96,0.00,12.40,1545.56,514.60,1030.96,66.70%,0.00
12/26/23,0.00,0.00,0.00,0.00,0.00,0.00,0.00%,0.00
12/25/23,0.00,0.00,0.00,0.00,0.00,0.00,0.00%,0.00
12/24/23,0.00,0.00,0.00,0.00,0.00,0.00,0.00%,0.00
12/23/23,1769.00,0.00,6.40,1762.60,592.20,1170.40,66.40%,0.00
12/22/23,2362.00,0.00,3.50,2358.50,797.70,1560.80,66.18%,0.00
12/21/23,2277.98,0.00,0.00,2277.98,756.00,1521.98,66.81%,0.00
12/20/23,1753.00,0.00,0.00,1753.00,583.40,1169.60,66.72%,0.00
12/19/23,1712.98,0.00,2.20,1710.78,572.85,1137.93,66.52%,0.00
12/18/23,1641.98,0.00,0.00,1641.98,553.70,1088.28,66.28%,0.00
12/17/23,0.00,0.00,0.00,0.00,0.00,0.00,0.00%,0.00
12/16/23,1848.00,0.00,2.00,1846.00,611.60,1234.40,66.87%,0.00
12/15/23,2029.97,0.00,0.00,2029.97,670.70,1359.27,66.96%,0.00
12/14/23,1548.99,0.00,0.00,1548.99,509.10,1039.89,67.13%,0.00
12/13/23,1748.97,0.00,1.00,1747.97,561.05,1186.92,67.90%,0.00
12/12/23,1313.97,0.00,2.10,1311.87,428.20,883.67,67.36%,0.00
12/11/23,1465.99,0.00,2.30,1463.69,487.40,976.29,66.70%,0.00
12/10/23,0.00,0.00,0.00,0.00,0.00,0.00,0.00%,0.00
12/9/23,1398.00,0.00,0.00,1398.00,471.15,926.85,66.30%,0.00
12/8/23,2184.97,0.00,8.40,2176.57,734.65,1441.92,66.25%,0.00
12/7/23,1773.00,0.00,0.00,1773.00,597.25,1175.75,66.31%,0.00
12/6/23,1038.99,0.00,0.00,1038.99,340.00,698.99,67.28%,0.00
12/5/23,1667.00,0.00,0.00,1667.00,563.00,1104.00,66.23%,0.00
12/4/23,1511.99,0.00,0.00,1511.99,503.75,1008.24,66.68%,0.00
12/3/23,0.00,0.00,0.00,0.00,0.00,0.00,0.00%,0.00
12/2/23,1498.97,0.00,0.00,1498.97,502.45,996.52,66.48%,0.00
12/1/23,1968.00,0.00,0.00,1968.00,659.55,1308.45,66.49%,0.00
11/30/23,1488.00,0.00,0.00,1488.00,501.80,986.20,66.28%,0.00
11/29/23,1414.99,0.00,0.00,1414.99,469.00,945.99,66.85%,0.00
11/28/23,1345.98,0.00,0.00,1345.98,462.75,883.23,65.62%,0.00
11/27/23,0.00,0.00,0.00,0.00,0.00,0.00,0.00%,0.00
11/26/23,0.00,0.00,0.00,0.00,0.00,0.00,0.00%,0.00
11/25/23,1770.96,0.00,0.00,1770.96,578.00,1192.96,67.36%,0.00
11/24/23,1513.99,0.00,1.00,1512.99,504.30,1008.69,66.67%,0.00
11/23/23,845.00,0.00,0.00,845.00,286.10,558.90,66.14%,0.00
11/22/23,1361.96,0.00,0.00,1361.96,450.50,911.46,66.92%,0.00
11/21/23,1325.98,0.00,0.00,1325.98,449.30,876.68,66.12%,0.00
11/20/23,1240.00,0.00,0.00,1240.00,406.90,833.10,67.19%,0.00
11/19/23,0.00,0.00,0.00,0.00,0.00,0.00,0.00%,0.00
11/18/23,1595.97,0.00,0.00,1595.97,528.90,1067.07,66.86%,0.00
11/17/23,1725.96,0.00,0.00,1725.96,565.95,1160.01,67.21%,0.00
11/16/23,1389.00,0.00,0.00,1389.00,454.05,934.95,67.31%,0.00
11/15/23,1345.00,0.00,0.00,1345.00,445.15,899.85,66.90%,0.00
11/14/23,1352.00,0.00,0.00,1352.00,444.15,907.85,67.15%,0.00
11/13/23,1238.00,0.00,0.00,1238.00,426.40,811.60,65.56%,0.00
11/12/23,0.00,0.00,0.00,0.00,0.00,0.00,0.00%,0.00
11/11/23,2051.99,0.00,0.00,2051.99,690.20,1361.79,66.36%,0.00
11/10/23,1961.98,0.00,0.00,1961.98,642.20,1319.78,67.27%,0.00
11/9/23,1440.00,0.00,0.00,1440.00,485.00,955.00,66.32%,0.00
11/8/23,1314.99,0.00,0.00,1314.99,452.00,862.99,65.63%,0.00
11/7/23,1397.99,0.00,0.00,1397.99,459.60,938.39,67.12%,0.00
11/6/23,948.00,0.00,0.00,948.00,317.40,630.60,66.52%,0.00
11/5/23,0.00,0.00,0.00,0.00,0.00,0.00,0.00%,0.00
11/4/23,1684.98,0.00,1.00,1683.98,572.15,1111.83,66.02%,0.00
11/3/23,1988.98,0.00,2.00,1986.98,644.95,1342.03,67.54%,0.00
11/2/23,1741.00,0.00,0.00,1741.00,591.15,1149.85,66.05%,0.00
11/1/23,1371.00,0.00,0.00,1371.00,467.15,903.85,65.93%,0.00
10/31/23,1668.98,0.00,0.00,1668.98,563.55,1105.43,66.23%,0.00
10/30/23,1427.00,0.00,1.00,1426.00,474.25,951.75,66.74%,0.00
10/29/23,0.00,0.00,0.00,0.00,0.00,0.00,0.00%,0.00
10/28/23,1682.00,0.00,8.00,1674.00,563.90,1110.10,66.31%,0.00
10/27/23,2229.99,0.00,0.00,2229.99,735.55,1494.44,67.02%,0.00
10/26/23,1693.98,0.00,0.00,1693.98,561.70,1132.28,66.84%,0.00
10/25/23,1518.99,0.00,0.00,1518.99,499.15,1019.84,67.14%,0.00
10/24/23,1561.99,0.00,0.00,1561.99,531.35,1030.64,65.98%,0.00
10/23/23,1227.00,0.00,0.00,1227.00,421.45,805.55,65.65%,0.00
10/22/23,0.00,0.00,0.00,0.00,0.00,0.00,0.00%,0.00
10/21/23,1586.00,0.00,0.00,1586.00,530.70,1055.30,66.54%,0.00
10/20/23,2455.00,0.00,0.00,2455.00,827.85,1627.15,66.28%,0.00
10/19/23,1291.99,0.00,0.00,1291.99,442.80,849.19,65.73%,0.00
10/18/23,1467.00,0.00,0.00,1467.00,497.40,969.60,66.09%,0.00
10/17/23,1561.99,0.00,0.00,1561.99,537.75,1024.24,65.57%,0.00
10/16/23,0.00,0.00,0.00,0.00,0.00,0.00,0.00%,0.00
10/15/23,0.00,0.00,0.00,0.00,0.00,0.00,0.00%,0.00
10/14/23,1536.97,0.00,0.00,1536.97,497.80,1039.17,67.61%,0.00
10/13/23,2290.99,0.00,0.00,2290.99,766.80,1524.19,66.53%,0.00
10/12/23,1597.00,0.00,0.00,1597.00,539.65,1057.35,66.21%,0.00
10/11/23,1273.99,0.00,0.00,1273.99,427.60,846.39,66.44%,0.00
10/10/23,1140.00,0.00,0.00,1140.00,395.10,744.90,65.34%,0.00
10/9/23,1475.00,0.00,0.00,1475.00,506.00,969.00,65.69%,0.00
10/8/23,0.00,0.00,0.00,0.00,0.00,0.00,0.00%,0.00
10/7/23,1173.00,0.00,0.00,1173.00,377.45,795.55,67.82%,0.00
10/6/23,1923.98,0.00,0.00,1923.98,637.45,1286.53,66.87%,0.00
10/5/23,1165.99,0.00,0.00,1165.99,393.20,772.79,66.28%,0.00
10/4/23,0.00,0.00,0.00,0.00,0.00,0.00,0.00%,0.00
10/3/23,1349.00,0.00,0.00,1349.00,464.10,884.90,65.60%,0.00
10/2/23,1416.00,0.00,0.00,1416.00,473.70,942.30,66.55%,0.00
10/1/23,0.00,0.00,0.00,0.00,0.00,0.00,0.00%,0.00
9/30/23,1640.00,0.00,0.00,1640.00,548.55,1091.45,66.55%,0.00
9/29/23,2200.98,0.00,1.00,2199.98,718.80,1481.18,67.33%,0.00
9/28/23,1356.98,0.00,0.00,1356.98,453.20,903.78,66.60%,0.00
9/27/23,1111.00,0.00,0.00,1111.00,370.90,740.10,66.62%,0.00
9/26/23,1609.98,0.00,0.00,1609.98,548.10,1061.88,65.96%,0.00
9/25/23,878.99,0.00,0.00,878.99,290.80,588.19,66.92%,0.00
9/24/23,0.00,0.00,0.00,0.00,0.00,0.00,0.00%,0.00
9/23/23,1241.00,24.00,0.00,1217.00,406.45,810.55,66.60%,0.00
9/22/23,1865.99,0.00,0.00,1865.99,631.05,1234.94,66.18%,0.00
9/21/23,1294.00,0.00,0.00,1294.00,443.05,850.95,65.76%,0.00
9/20/23,1121.00,0.00,0.00,1121.00,383.45,737.55,65.79%,0.00
9/19/23,1380.00,0.00,0.00,1380.00,450.95,929.05,67.32%,0.00
9/18/23,1073.99,0.00,0.00,1073.99,360.55,713.44,66.43%,0.00
9/17/23,0.00,0.00,0.00,0.00,0.00,0.00,0.00%,0.00
9/16/23,1721.00,0.00,0.00,1721.00,563.25,1157.75,67.27%,0.00
9/15/23,2120.99,28.00,0.00,2092.99,708.85,1384.14,66.13%,0.00
9/14/23,1291.98,0.00,0.00,1291.98,427.65,864.33,66.90%,0.00
9/13/23,860.99,0.00,0.00,860.99,284.40,576.59,66.97%,0.00
9/12/23,1448.99,0.00,0.00,1448.99,489.05,959.94,66.25%,0.00
9/11/23,1342.99,0.00,0.00,1342.99,443.60,899.39,66.97%,0.00
9/10/23,0.00,0.00,0.00,0.00,0.00,0.00,0.00%,0.00
9/9/23,1594.99,0.00,0.00,1594.99,518.75,1076.24,67.48%,0.00
9/8/23,2578.98,0.00,0.00,2578.98,863.60,1715.38,66.51%,0.00
9/7/23,1688.98,0.00,0.00,1688.98,547.15,1141.83,67.60%,0.00
9/6/23,1391.00,0.00,0.00,1391.00,480.20,910.80,65.48%,0.00
9/5/23,1402.99,0.00,0.00,1402.99,479.50,923.49,65.82%,0.00
9/4/23,1548.99,0.00,2.00,1546.99,522.80,1024.19,66.21%,0.00
9/3/23,0.00,0.00,0.00,0.00,0.00,0.00,0.00%,0.00
9/2/23,1577.00,0.00,0.00,1577.00,528.85,1048.15,66.46%,0.00
9/1/23,1691.99,0.00,0.00,1691.99,556.25,1135.74,67.12%,0.00
8/31/23,1291.99,0.00,0.00,1291.99,432.50,859.49,66.52%,0.00
8/30/23,1584.99,0.00,0.00,1584.99,533.25,1051.74,66.36%,0.00
8/29/23,1728.96,0.00,0.00,1728.96,573.55,1155.41,66.83%,0.00
8/28/23,1257.00,0.00,0.00,1257.00,426.25,830.75,66.09%,0.00
8/27/23,0.00,0.00,0.00,0.00,0.00,0.00,0.00%,0.00
8/26/23,1271.00,0.00,0.00,1271.00,414.70,856.30,67.37%,0.00
8/25/23,2338.97,0.00,0.00,2338.97,765.20,1573.77,67.28%,0.00
8/24/23,1596.98,0.00,0.00,1596.98,513.90,1083.08,67.82%,0.00
8/23/23,1304.00,0.00,0.00,1304.00,450.80,853.20,65.43%,0.00
8/22/23,1562.00,0.00,0.00,1562.00,515.05,1046.95,67.03%,0.00
8/21/23,1838.00,0.00,0.00,1838.00,617.50,1220.50,66.40%,0.00
8/20/23,0.00,0.00,0.00,0.00,0.00,0.00,0.00%,0.00
8/19/23,1786.98,0.00,0.00,1786.98,600.70,1186.28,66.38%,0.00
8/18/23,2426.00,0.00,0.00,2426.00,814.35,1611.65,66.43%,0.00
8/17/23,1351.98,0.00,0.00,1351.98,452.65,899.33,66.52%,0.00
8/16/23,1535.97,0.00,0.00,1535.97,502.05,1033.92,67.31%,0.00
8/15/23,1940.00,0.00,0.00,1940.00,647.15,1292.85,66.64%,0.00
8/14/23,1427.98,0.00,0.00,1427.98,474.00,953.98,66.81%,0.00
8/13/23,0.00,0.00,0.00,0.00,0.00,0.00,0.00%,0.00
8/12/23,1437.99,0.00,1.00,1436.99,487.50,949.49,66.07%,0.00
8/11/23,2348.98,0.00,0.00,2348.98,778.65,1570.33,66.85%,0.00
8/10/23,1791.98,0.00,0.00,1791.98,596.95,1195.03,66.69%,0.00
8/9/23,0.00,0.00,0.00,0.00,0.00,0.00,0.00%,0.00
8/8/23,0.00,0.00,0.00,0.00,0.00,0.00,0.00%,0.00
8/7/23,0.00,0.00,0.00,0.00,0.00,0.00,0.00%,0.00
8/6/23,0.00,0.00,0.00,0.00,0.00,0.00,0.00%,0.00
8/5/23,1592.98,0.00,0.00,1592.98,500.55,1092.43,68.58%,0.00
8/4/23,1379.99,0.00,0.00,1379.99,468.20,911.79,66.07%,0.00
8/3/23,1761.95,0.00,0.00,1761.95,586.85,1175.10,66.69%,0.00
8/2/23,1881.97,0.00,0.00,1881.97,614.25,1267.72,67.36%,0.00
8/1/23,1763.00,0.00,0.00,1763.00,592.85,1170.15,66.37%,0.00
7/31/23,1591.98,0.00,2.00,1589.98,517.40,1072.58,67.46%,0.00
7/30/23,0.00,0.00,0.00,0.00,0.00,0.00,0.00%,0.00
7/29/23,1578.00,0.00,2.00,1576.00,520.95,1055.05,66.94%,0.00
7/28/23,2100.00,0.00,0.00,2100.00,704.15,1395.85,66.47%,0.00
7/27/23,1467.00,0.00,0.00,1467.00,479.20,987.80,67.33%,0.00
7/26/23,1494.00,0.00,0.00,1494.00,496.90,997.10,66.74%,0.00
7/25/23,1914.99,0.00,0.00,1914.99,632.80,1282.19,66.96%,0.00
7/24/23,1449.99,0.00,0.00,1449.99,478.30,971.69,67.01%,0.00
7/23/23,0.00,0.00,0.00,0.00,0.00,0.00,0.00%,0.00
7/22/23,1663.99,0.00,0.00,1663.99,565.05,1098.94,66.04%,0.00
7/21/23,2147.99,0.00,10.00,2137.99,718.25,1419.74,66.41%,0.00
7/20/23,985.00,0.00,0.00,985.00,329.75,655.25,66.52%,0.00
7/19/23,1447.00,0.00,0.00,1447.00,458.10,988.90,68.34%,0.00
7/18/23,1846.98,0.00,0.00,1846.98,617.90,1229.08,66.55%,0.00
7/17/23,1678.99,0.00,0.00,1678.99,568.40,1110.59,66.15%,0.00
7/16/23,0.00,0.00,0.00,0.00,0.00,0.00,0.00%,0.00
7/15/23,1666.96,0.00,0.00,1666.96,537.60,1129.36,67.75%,0.00
7/14/23,2778.99,0.00,0.00,2778.99,907.85,1871.14,67.33%,0.00
7/13/23,1799.00,0.00,40.00,1759.00,587.55,1171.45,66.60%,0.00
7/12/23,1816.99,0.00,0.00,1816.99,604.70,1212.29,66.72%,0.00
7/11/23,1699.98,0.00,0.00,1699.98,568.30,1131.68,66.57%,0.00
7/10/23,1770.00,0.00,0.00,1770.00,580.50,1189.50,67.20%,0.00
7/9/23,0.00,0.00,0.00,0.00,0.00,0.00,0.00%,0.00
7/8/23,1558.99,0.00,0.00,1558.99,501.15,1057.84,67.85%,0.00
7/7/23,2065.99,0.00,0.00,2065.99,662.60,1403.39,67.93%,0.00
7/6/23,1674.00,0.00,0.00,1674.00,553.30,1120.70,66.95%,0.00
7/5/23,1949.98,0.00,0.00,1949.98,661.30,1288.68,66.09%,0.00
7/4/23,1718.99,0.00,0.00,1718.99,570.40,1148.59,66.82%,0.00
7/3/23,0.00,0.00,0.00,0.00,0.00,0.00,0.00%,0.00
7/2/23,0.00,0.00,0.00,0.00,0.00,0.00,0.00%,0.00
7/1/23,1863.97,0.00,0.00,1863.97,615.30,1248.67,66.99%,0.00
6/30/23,2584.96,24.00,0.00,2560.96,845.30,1715.66,66.99%,0.00
6/29/23,1943.00,0.00,0.00,1943.00,627.55,1315.45,67.70%,0.00
6/28/23,1663.99,0.00,0.00,1663.99,555.50,1108.49,66.62%,0.00
6/27/23,1634.93,0.00,0.00,1634.93,521.70,1113.23,68.09%,0.00
6/26/23,1781.99,0.00,0.00,1781.99,574.10,1207.89,67.78%,0.00
6/25/23,0.00,0.00,0.00,0.00,0.00,0.00,0.00%,0.00
6/24/23,1806.97,0.00,0.00,1806.97,599.75,1207.22,66.81%,0.00
6/23/23,2439.97,0.00,0.00,2439.97,787.60,1652.37,67.72%,0.00
6/22/23,1750.98,0.00,0.00,1750.98,561.00,1189.98,67.96%,0.00
6/21/23,2088.00,0.00,0.00,2088.00,699.95,1388.05,66.48%,0.00
6/20/23,1678.99,0.00,0.00,1678.99,543.00,1135.99,67.66%,0.00
6/19/23,1606.99,0.00,0.00,1606.99,542.00,1064.99,66.27%,0.00
6/18/23,0.00,0.00,0.00,0.00,0.00,0.00,0.00%,0.00
6/17/23,2221.00,0.00,0.00,2221.00,721.35,1499.65,67.52%,0.00
6/16/23,0.00,0.00,0.00,0.00,0.00,0.00,0.00%,0.00
6/15/23,2054.98,0.00,0.00,2054.98,669.40,1385.58,67.43%,0.00
6/14/23,1622.00,0.00,0.00,1622.00,554.15,1067.85,65.84%,0.00
6/13/23,2051.98,0.00,0.00,2051.98,668.25,1383.73,67.43%,0.00
6/12/23,1104.00,0.00,0.00,1104.00,369.65,734.35,66.52%,0.00
6/11/23,0.00,0.00,0.00,0.00,0.00,0.00,0.00%,0.00
6/10/23,1850.97,0.00,0.00,1850.97,592.55,1258.42,67.99%,0.00
6/9/23,2138.99,0.00,0.00,2138.99,717.90,1421.09,66.44%,0.00
6/8/23,1600.00,0.00,0.00,1600.00,524.00,1076.00,67.25%,0.00
6/7/23,1779.99,0.00,0.00,1779.99,588.15,1191.84,66.96%,0.00
6/6/23,1629.00,0.00,0.00,1629.00,536.75,1092.25,67.05%,0.00
6/5/23,1629.00,0.00,0.00,1629.00,534.90,1094.10,67.16%,0.00
6/4/23,0.00,0.00,0.00,0.00,0.00,0.00,0.00%,0.00
6/3/23,1730.98,0.00,0.00,1730.98,571.95,1159.03,66.96%,0.00
6/2/23,2337.98,0.00,0.00,2337.98,787.45,1550.53,66.32%,0.00
6/1/23,1625.99,0.00,0.00,1625.99,554.50,1071.49,65.90%,0.00
5/31/23,1657.98,0.00,0.00,1657.98,545.70,1112.28,67.09%,0.00
5/30/23,1504.00,0.00,0.00,1504.00,513.20,990.80,65.88%,0.00
5/29/23,0.00,0.00,0.00,0.00,0.00,0.00,0.00%,0.00
5/28/23,0.00,0.00,0.00,0.00,0.00,0.00,0.00%,0.00
5/27/23,1878.97,0.00,0.00,1878.97,630.50,1248.47,66.44%,0.00
5/26/23,2187.99,0.00,0.00,2187.99,739.30,1448.69,66.21%,0.00
5/25/23,1962.00,0.00,0.00,1962.00,664.95,1297.05,66.11%,0.00
5/24/23,1398.97,0.00,0.00,1398.97,470.95,928.02,66.34%,0.00
5/23/23,1336.00,0.00,0.00,1336.00,444.60,891.40,66.72%,0.00
5/22/23,1563.98,0.00,0.00,1563.98,501.40,1062.58,67.94%,0.00
5/21/23,0.00,0.00,0.00,0.00,0.00,0.00,0.00%,0.00
5/20/23,1729.97,0.00,0.00,1729.97,557.85,1172.12,67.75%,0.00
5/19/23,2085.99,0.00,0.00,2085.99,685.55,1400.44,67.14%,0.00
5/18/23,1525.00,0.00,0.00,1525.00,512.35,1012.65,66.40%,0.00
5/17/23,1349.98,0.00,0.00,1349.98,447.25,902.73,66.87%,0.00
5/16/23,1381.00,0.00,0.00,1381.00,454.60,926.40,67.08%,0.00
5/15/23,1297.99,0.00,0.00,1297.99,419.60,878.39,67.67%,0.00
5/14/23,0.00,0.00,0.00,0.00,0.00,0.00,0.00%,0.00
5/13/23,1822.98,0.00,0.00,1822.98,579.95,1243.03,68.19%,0.00
5/12/23,2254.00,0.00,0.00,2254.00,737.35,1516.65,67.29%,0.00
5/11/23,1396.00,0.00,0.00,1396.00,466.40,929.60,66.59%,0.00
5/10/23,1647.96,0.00,0.00,1647.96,545.45,1102.51,66.90%,0.00
5/9/23,1357.00,0.00,0.00,1357.00,464.25,892.75,65.79%,0.00
5/8/23,0.00,0.00,0.00,0.00,0.00,0.00,0.00%,0.00
5/7/23,0.00,0.00,0.00,0.00,0.00,0.00,0.00%,0.00
5/6/23,1505.95,0.00,0.00,1505.95,486.50,1019.45,67.69%,0.00
5/5/23,3085.00,0.00,0.00,3085.00,1007.20,2077.80,67.35%,0.00
5/4/23,1407.98,0.00,0.00,1407.98,461.35,946.63,67.23%,0.00
5/3/23,1406.99,0.00,0.00,1406.99,479.90,927.09,65.89%,0.00
5/2/23,1705.98,0.00,0.00,1705.98,567.10,1138.88,66.76%,0.00
5/1/23,1293.99,18.00,12.00,1263.99,424.70,839.29,66.40%,0.00
4/30/23,0.00,0.00,0.00,0.00,0.00,0.00,0.00%,0.00
4/29/23,1351.99,0.00,0.00,1351.99,446.85,905.14,66.95%,0.00
4/28/23,2206.00,0.00,0.00,2206.00,736.55,1469.45,66.61%,0.00
4/27/23,1471.99,0.00,0.00,1471.99,484.55,987.44,67.08%,0.00
4/26/23,1234.98,0.00,0.00,1234.98,405.05,829.93,67.20%,0.00
4/25/23,1496.00,0.00,0.00,1496.00,486.05,1009.95,67.51%,0.00
4/24/23,1040.99,0.00,0.00,1040.99,371.90,669.09,64.27%,0.00
4/23/23,0.00,0.00,0.00,0.00,0.00,0.00,0.00%,0.00
4/22/23,1414.99,0.00,0.00,1414.99,468.80,946.19,66.87%,0.00
4/21/23,1514.98,0.00,0.00,1514.98,506.35,1008.63,66.58%,0.00
4/20/23,1511.98,0.00,0.00,1511.98,508.95,1003.03,66.34%,0.00
4/19/23,1223.00,0.00,2.00,1221.00,400.50,820.50,67.20%,0.00
4/18/23,1199.99,0.00,4.00,1195.99,397.75,798.24,66.74%,0.00
4/17/23,1334.00,0.00,0.00,1334.00,460.85,873.15,65.45%,0.00
4/16/23,0.00,0.00,0.00,0.00,0.00,0.00,0.00%,0.00
4/15/23,1356.99,0.00,0.00,1356.99,441.85,915.14,67.44%,0.00
4/14/23,1994.98,0.00,0.00,1994.98,654.50,1340.48,67.19%,0.00
4/13/23,1315.98,0.00,0.00,1315.98,436.25,879.73,66.85%,0.00
4/12/23,1826.98,0.00,0.00,1826.98,589.45,1237.53,67.74%,0.00
4/11/23,0.00,0.00,0.00,0.00,0.00,0.00,0.00%,0.00
4/10/23,0.00,0.00,0.00,0.00,0.00,0.00,0.00%,0.00
4/9/23,0.00,0.00,0.00,0.00,0.00,0.00,0.00%,0.00
4/8/23,0.00,0.00,0.00,0.00,0.00,0.00,0.00%,0.00
4/7/23,0.00,0.00,0.00,0.00,0.00,0.00,0.00%,0.00
4/6/23,1645.97,0.00,0.00,1645.97,553.55,1092.42,66.37%,0.00
4/5/23,1668.98,0.00,1.00,1667.98,573.40,1094.58,65.62%,0.00
4/4/23,1400.99,0.00,0.00,1400.99,457.10,943.89,67.37%,0.00
4/3/23,1637.99,0.00,13.00,1624.99,546.70,1078.29,66.36%,0.00
4/2/23,0.00,0.00,0.00,0.00,0.00,0.00,0.00%,0.00
4/1/23,1957.98,0.00,0.00,1957.98,646.65,1311.33,66.97%,0.00
3/31/23,2287.98,0.00,0.00,2287.98,753.05,1534.93,67.09%,0.00
3/30/23,1436.98,0.00,0.00,1436.98,479.20,957.78,66.65%,0.00
3/29/23,1358.99,0.00,0.00,1358.99,451.85,907.14,66.75%,0.00
3/28/23,1544.99,0.00,0.00,1544.99,491.80,1053.19,68.17%,0.00
3/27/23,1191.97,0.00,0.00,1191.97,384.45,807.52,67.75%,0.00
3/26/23,0.00,0.00,0.00,0.00,0.00,0.00,0.00%,0.00
3/25/23,1778.97,0.00,0.00,1778.97,552.85,1226.12,68.92%,0.00
3/24/23,2280.99,0.00,0.00,2280.99,774.20,1506.79,66.06%,0.00
3/23/23,1631.99,0.00,0.00,1631.99,546.60,1085.39,66.51%,0.00
3/22/23,1879.99,0.00,0.00,1879.99,638.40,1241.59,66.04%,0.00
3/21/23,1677.96,0.00,0.00,1677.96,563.30,1114.66,66.43%,0.00
3/20/23,1551.96,0.00,0.00,1551.96,512.50,1039.46,66.98%,0.00
3/19/23,0.00,0.00,0.00,0.00,0.00,0.00,0.00%,0.00
3/18/23,1740.98,0.00,0.00,1740.98,575.30,1165.68,66.96%,0.00
3/17/23,2046.97,0.00,0.00,2046.97,669.55,1377.42,67.29%,0.00
3/16/23,1450.98,40.00,0.00,1410.98,471.25,939.73,66.60%,0.00
3/15/23,1731.99,0.00,0.00,1731.99,583.35,1148.64,66.32%,0.00
3/14/23,1492.99,0.00,0.00,1492.99,480.70,1012.29,67.80%,0.00
3/13/23,1443.99,0.00,0.00,1443.99,476.10,967.89,67.03%,0.00
3/12/23,0.00,0.00,0.00,0.00,0.00,0.00,0.00%,0.00
3/11/23,1737.99,0.00,0.00,1737.99,580.00,1157.99,66.63%,0.00
3/10/23,2405.97,0.00,0.00,2405.97,803.95,1602.02,66.59%,0.00
3/9/23,1561.00,0.00,0.00,1561.00,508.25,1052.75,67.44%,0.00
3/8/23,1597.96,0.00,0.00,1597.96,515.15,1082.81,67.76%,0.00
3/7/23,1652.00,0.00,0.00,1652.00,559.80,1092.20,66.11%,0.00
3/6/23,0.00,0.00,0.00,0.00,0.00,0.00,0.00%,0.00
3/5/23,0.00,0.00,0.00,0.00,0.00,0.00,0.00%,0.00
3/4/23,1480.98,0.00,0.00,1480.98,474.05,1006.93,67.99%,0.00
3/3/23,2039.96,0.00,2.00,2037.96,667.00,1370.96,67.27%,0.00
3/2/23,1511.99,0.00,0.00,1511.99,495.45,1016.54,67.23%,0.00
3/1/23,1323.98,0.00,0.00,1323.98,418.00,905.98,68.43%,0.00
2/28/23,1490.99,0.00,0.00,1490.99,486.35,1004.64,67.38%,0.00
2/27/23,1370.98,0.00,0.00,1370.98,453.45,917.53,66.93%,0.00
2/26/23,0.00,0.00,0.00,0.00,0.00,0.00,0.00%,0.00
2/25/23,1351.99,0.00,0.00,1351.99,459.85,892.14,65.99%,0.00
2/24/23,1978.99,0.00,0.00,1978.99,663.15,1315.84,66.49%,0.00
2/23/23,1434.99,0.00,1.00,1433.99,478.30,955.69,66.65%,0.00
2/22/23,1317.00,0.00,0.00,1317.00,441.25,875.75,66.50%,0.00
2/21/23,1556.00,0.00,0.00,1556.00,506.25,1049.75,67.46%,0.00
2/20/23,1051.00,0.00,0.00,1051.00,358.90,692.10,65.85%,0.00
2/19/23,0.00,0.00,0.00,0.00,0.00,0.00,0.00%,0.00
2/18/23,1935.97,0.00,0.00,1935.97,625.45,1310.52,67.69%,0.00
2/17/23,2277.97,0.00,0.00,2277.97,759.80,1518.17,66.65%,0.00
2/16/23,1854.00,0.00,0.00,1854.00,604.25,1249.75,67.41%,0.00
2/15/23,1495.99,0.00,0.00,1495.99,498.70,997.29,66.66%,0.00
2/14/23,1376.98,0.00,0.00,1376.98,441.45,935.53,67.94%,0.00
2/13/23,1537.00,0.00,3.00,1534.00,516.15,1017.85,66.35%,0.00
2/12/23,0.00,0.00,0.00,0.00,0.00,0.00,0.00%,0.00
2/11/23,1567.98,0.00,2.00,1565.98,506.95,1059.03,67.63%,0.00
2/10/23,2247.00,0.00,0.00,2247.00,755.30,1491.70,66.39%,0.00
2/9/23,1483.99,0.00,0.00,1483.99,475.80,1008.19,67.94%,0.00
2/8/23,1200.97,0.00,0.00,1200.97,400.35,800.62,66.66%,0.00
2/7/23,1674.00,0.00,0.00,1674.00,555.20,1118.80,66.83%,0.00
2/6/23,1167.00,0.00,0.00,1167.00,400.80,766.20,65.66%,0.00
2/5/23,0.00,0.00,0.00,0.00,0.00,0.00,0.00%,0.00
2/4/23,1578.98,0.00,2.00,1576.98,505.05,1071.93,67.97%,0.00
2/3/23,2222.98,0.00,0.00,2222.98,722.00,1500.98,67.52%,0.00
2/2/23,1554.00,0.00,0.00,1554.00,516.20,1037.80,66.78%,0.00
2/1/23,1180.00,0.00,0.00,1180.00,401.45,778.55,65.98%,0.00
1/31/23,1751.99,38.00,2.00,1711.99,558.60,1153.39,67.37%,0.00
1/30/23,1268.00,0.00,0.00,1268.00,425.15,842.85,66.47%,0.00
1/29/23,0.00,0.00,0.00,0.00,0.00,0.00,0.00%,0.00
1/28/23,1828.95,0.00,0.00,1828.95,578.65,1250.30,68.36%,0.00
1/27/23,2052.99,0.00,0.00,2052.99,683.35,1369.64,66.71%,0.00
1/26/23,1426.00,0.00,0.00,1426.00,468.90,957.10,67.12%,0.00
1/25/23,1453.98,0.00,0.00,1453.98,478.85,975.13,67.07%,0.00
1/24/23,1594.00,0.00,0.00,1594.00,531.00,1063.00,66.69%,0.00
1/23/23,1535.00,0.00,0.00,1535.00,510.60,1024.40,66.74%,0.00
1/22/23,0.00,0.00,0.00,0.00,0.00,0.00,0.00%,0.00
1/21/23,1686.98,0.00,0.00,1686.98,543.30,1143.68,67.79%,0.00
1/20/23,2082.00,0.00,0.00,2082.00,687.45,1394.55,66.98%,0.00
1/19/23,1392.00,0.00,0.00,1392.00,448.25,943.75,67.80%,0.00
1/18/23,1049.00,0.00,2.00,1047.00,344.20,702.80,67.13%,0.00
1/17/23,1177.99,0.00,0.00,1177.99,378.10,799.89,67.90%,0.00
1/16/23,1168.00,0.00,2.00,1166.00,404.60,761.40,65.30%,0.00
1/15/23,0.00,0.00,0.00,0.00,0.00,0.00,0.00%,0.00
1/14/23,2019.00,0.00,0.00,2019.00,657.15,1361.85,67.45%,0.00
1/13/23,2573.99,0.00,0.00,2573.99,857.80,1716.19,66.67%,0.00
1/12/23,1476.00,0.00,4.00,1472.00,490.55,981.45,66.67%,0.00
1/11/23,1515.00,0.00,0.00,1515.00,513.65,1001.35,66.10%,0.00
1/10/23,1333.99,0.00,0.00,1333.99,446.75,887.24,66.51%,0.00
1/9/23,1228.00,0.00,0.00,1228.00,418.45,809.55,65.92%,0.00
1/8/23,0.00,0.00,0.00,0.00,0.00,0.00,0.00%,0.00
1/7/23,1520.00,0.00,0.00,1520.00,505.45,1014.55,66.75%,0.00
1/6/23,2134.99,0.00,0.00,2134.99,705.10,1429.89,66.97%,0.00
1/5/23,1221.99,0.00,0.00,1221.99,413.35,808.64,66.17%,0.00
1/4/23,1580.97,0.00,0.00,1580.97,511.55,1069.42,67.64%,0.00
1/3/23,1954.99,0.00,0.00,1954.99,646.15,1308.84,66.95%,0.00
1/2/23,0.00,0.00,0.00,0.00,0.00,0.00,0.00%,0.00
1/1/23,0.00,0.00,0.00,0.00,0.00,0.00,0.00%,0.00
12/31/22,2109.98,0.00,0.00,2109.98,703.10,1406.88,66.68%,0.00
12/30/22,1853.99,0.00,0.00,1853.99,639.60,1214.39,65.50%,0.00
12/29/22,1966.96,0.00,0.00,1966.96,624.65,1342.31,68.24%,0.00
12/28/22,1886.98,0.00,0.00,1886.98,638.05,1248.93,66.19%,0.00
12/27/22,0.00,0.00,0.00,0.00,0.00,0.00,0.00%,0.00
12/26/22,0.00,0.00,0.00,0.00,0.00,0.00,0.00%,0.00
12/25/22,0.00,0.00,0.00,0.00,0.00,0.00,0.00%,0.00
12/24/22,2082.00,0.00,0.00,2082.00,694.35,1387.65,66.65%,0.00
12/23/22,2194.99,0.00,0.00,2194.99,722.95,1472.04,67.06%,0.00
12/22/22,1886.98,0.00,0.00,1886.98,638.70,1248.28,66.15%,0.00
12/21/22,1665.98,0.00,0.00,1665.98,552.30,1113.68,66.85%,0.00
12/20/22,1873.98,0.00,0.00,1873.98,625.80,1248.18,66.61%,0.00
12/19/22,1253.96,0.00,0.00,1253.96,415.65,838.31,66.85%,0.00
12/18/22,0.00,0.00,0.00,0.00,0.00,0.00,0.00%,0.00
12/17/22,1746.99,0.00,0.00,1746.99,569.55,1177.44,67.40%,0.00
12/16/22,2269.00,0.00,0.00,2269.00,746.85,1522.15,67.08%,0.00
12/15/22,1751.99,0.00,0.00,1751.99,599.30,1152.69,65.79%,0.00
12/14/22,1574.96,0.00,0.00,1574.96,511.55,1063.41,67.52%,0.00
12/13/22,1438.00,0.00,0.00,1438.00,474.15,963.85,67.03%,0.00
12/12/22,1676.99,0.00,0.00,1676.99,557.35,1119.64,66.76%,0.00
12/11/22,0.00,0.00,0.00,0.00,0.00,0.00,0.00%,0.00
12/10/22,1815.98,0.00,2.00,1813.98,597.15,1216.83,67.08%,0.00
12/9/22,2262.98,0.00,0.00,2262.98,751.40,1511.58,66.80%,0.00
12/8/22,1974.99,0.00,0.00,1974.99,649.65,1325.34,67.11%,0.00
12/7/22,1775.00,0.00,0.00,1775.00,584.00,1191.00,67.10%,0.00
12/6/22,1380.97,0.00,6.00,1374.97,455.90,919.07,66.84%,0.00
12/5/22,1319.00,0.00,0.00,1319.00,423.45,895.55,67.90%,0.00
12/4/22,0.00,0.00,0.00,0.00,0.00,0.00,0.00%,0.00
12/3/22,1641.97,0.00,0.00,1641.97,513.30,1128.67,68.74%,0.00
12/2/22,1797.00,0.00,0.00,1797.00,599.35,1197.65,66.65%,0.00
12/1/22,1682.98,0.00,0.00,1682.98,550.90,1132.08,67.27%,0.00
11/30/22,1158.00,0.00,2.00,1156.00,405.95,750.05,64.88%,0.00
11/29/22,1743.00,0.00,0.00,1743.00,598.60,1144.40,65.66%,0.00
11/28/22,0.00,0.00,0.00,0.00,0.00,0.00,0.00%,0.00
11/27/22,0.00,0.00,0.00,0.00,0.00,0.00,0.00%,0.00
11/26/22,1339.98,0.00,0.00,1339.98,435.75,904.23,67.48%,0.00
11/25/22,1856.99,0.00,0.00,1856.99,609.20,1247.79,67.19%,0.00
11/24/22,1193.97,0.00,2.00,1191.97,394.65,797.32,66.89%,0.00
11/23/22,1400.00,0.00,0.00,1400.00,467.10,932.90,66.64%,0.00
11/22/22,1335.00,0.00,0.00,1335.00,457.25,877.75,65.75%,0.00
11/21/22,1486.98,0.00,0.00,1486.98,505.10,981.88,66.03%,0.00
11/20/22,0.00,0.00,0.00,0.00,0.00,0.00,0.00%,0.00
11/19/22,1730.00,16.00,0.00,1714.00,544.85,1169.15,68.21%,0.00
11/18/22,2468.99,0.00,0.00,2468.99,813.70,1655.29,67.04%,0.00
11/17/22,1672.00,0.00,0.00,1672.00,555.00,1117.00,66.81%,0.00
11/16/22,1423.97,0.00,0.00,1423.97,463.00,960.97,67.49%,0.00
11/15/22,1476.00,0.00,0.00,1476.00,489.55,986.45,66.83%,0.00
11/14/22,1379.97,0.00,4.00,1375.97,458.60,917.37,66.67%,0.00
11/13/22,0.00,0.00,0.00,0.00,0.00,0.00,0.00%,0.00
11/12/22,1497.99,0.00,0.00,1497.99,492.00,1005.99,67.16%,0.00
11/11/22,2336.00,60.00,2.00,2274.00,748.15,1525.85,67.10%,0.00
11/10/22,1834.00,18.00,0.00,1816.00,601.50,1214.50,66.88%,0.00
11/9/22,1125.00,0.00,0.00,1125.00,376.55,748.45,66.53%,0.00
11/8/22,1611.99,12.00,0.00,1599.99,521.55,1078.44,67.40%,0.00
11/7/22,1162.98,0.00,0.00,1162.98,396.75,766.23,65.89%,0.00
11/6/22,0.00,0.00,0.00,0.00,0.00,0.00,0.00%,0.00
11/5/22,887.97,0.00,0.00,887.97,290.95,597.02,67.23%,0.00
11/4/22,1881.99,0.00,2.00,1879.99,629.80,1250.19,66.50%,0.00
11/3/22,1455.00,0.00,0.00,1455.00,489.35,965.65,66.37%,0.00
11/2/22,1545.99,0.00,0.00,1545.99,524.00,1021.99,66.11%,0.00
11/1/22,1277.00,0.00,2.00,1275.00,430.15,844.85,66.26%,0.00
10/31/22,1400.99,0.00,0.00,1400.99,488.00,912.99,65.17%,0.00
10/30/22,0.00,0.00,0.00,0.00,0.00,0.00,0.00%,0.00
10/29/22,1539.99,0.00,0.00,1539.99,520.20,1019.79,66.22%,0.00
10/28/22,2318.99,0.00,2.00,2316.99,771.35,1545.64,66.71%,0.00
10/27/22,1151.00,0.00,0.00,1151.00,380.80,770.20,66.92%,0.00
10/26/22,1386.00,0.00,4.00,1382.00,460.60,921.40,66.67%,0.00
10/25/22,1198.00,0.00,0.00,1198.00,390.85,807.15,67.37%,0.00
10/24/22,1094.99,0.00,0.00,1094.99,350.20,744.79,68.02%,0.00
10/23/22,0.00,0.00,0.00,0.00,0.00,0.00,0.00%,0.00
10/22/22,1408.98,0.00,0.00,1408.98,454.05,954.93,67.77%,0.00
10/21/22,1985.95,48.00,0.00,1937.95,616.80,1321.15,68.17%,0.00
10/20/22,1612.00,20.00,0.00,1592.00,543.20,1048.80,65.88%,0.00
10/19/22,1027.00,0.00,0.00,1027.00,342.60,684.40,66.64%,0.00
10/18/22,1403.98,0.00,0.00,1403.98,468.65,935.33,66.62%,0.00
10/17/22,0.00,0.00,0.00,0.00,0.00,0.00,0.00%,0.00
10/16/22,0.00,0.00,0.00,0.00,0.00,0.00,0.00%,0.00
10/15/22,885.00,0.00,0.00,885.00,296.25,588.75,66.53%,0.00
10/14/22,2067.00,0.00,0.00,2067.00,704.80,1362.20,65.90%,0.00
10/13/22,1393.98,0.00,0.00,1393.98,448.85,945.13,67.80%,0.00
10/12/22,1815.00,0.00,0.00,1815.00,595.95,1219.05,67.17%,0.00
10/11/22,1344.99,34.00,0.00,1310.99,450.10,860.89,65.67%,0.00
10/10/22,1351.00,0.00,0.00,1351.00,462.10,888.90,65.80%,0.00
10/9/22,0.00,0.00,0.00,0.00,0.00,0.00,0.00%,0.00
10/8/22,1690.97,0.00,0.00,1690.97,552.90,1138.07,67.30%,0.00
10/7/22,2363.00,12.00,0.00,2351.00,789.70,1561.30,66.41%,0.00
10/6/22,1523.99,0.00,0.00,1523.99,501.45,1022.54,67.10%,0.00
10/5/22,1444.99,0.00,2.00,1442.99,482.10,960.89,66.59%,0.00
10/4/22,1340.99,0.00,0.00,1340.99,463.55,877.44,65.43%,0.00
10/3/22,1203.00,0.00,0.00,1203.00,408.75,794.25,66.02%,0.00
10/2/22,0.00,0.00,0.00,0.00,0.00,0.00,0.00%,0.00
10/1/22,1681.98,0.00,0.00,1681.98,520.65,1161.33,69.05%,0.00
9/30/22,2216.00,0.00,1.00,2215.00,723.65,1491.35,67.33%,0.00
9/29/22,1902.99,42.00,0.00,1860.99,608.20,1252.79,67.32%,0.00
9/28/22,1384.97,0.00,0.00,1384.97,443.10,941.87,68.01%,0.00
9/27/22,1484.99,0.00,0.00,1484.99,498.30,986.69,66.44%,0.00
9/26/22,1334.99,0.00,4.00,1330.99,437.90,893.09,67.10%,0.00
9/25/22,0.00,0.00,0.00,0.00,0.00,0.00,0.00%,0.00
9/24/22,1491.00,0.00,0.00,1491.00,504.50,986.50,66.16%,0.00
9/23/22,1808.98,0.00,0.00,1808.98,606.90,1202.08,66.45%,0.00
9/22/22,1180.00,0.00,0.00,1180.00,388.95,791.05,67.04%,0.00
9/21/22,1670.98,0.00,0.00,1670.98,560.35,1110.63,66.47%,0.00
9/20/22,1462.98,38.00,4.00,1420.98,475.35,945.63,66.55%,0.00
9/19/22,0.00,0.00,0.00,0.00,0.00,0.00,0.00%,0.00
9/18/22,0.00,0.00,0.00,0.00,0.00,0.00,0.00%,0.00
9/17/22,0.00,0.00,0.00,0.00,0.00,0.00,0.00%,0.00
9/16/22,2418.96,0.00,0.00,2418.96,808.90,1610.06,66.56%,0.00
9/15/22,1439.00,0.00,0.00,1439.00,477.95,961.05,66.79%,0.00
9/14/22,887.99,0.00,0.00,887.99,295.70,592.29,66.70%,0.00
9/13/22,1386.99,0.00,0.00,1386.99,448.35,938.64,67.67%,0.00
9/12/22,1039.99,0.00,0.00,1039.99,357.40,682.59,65.63%,0.00
9/11/22,0.00,0.00,0.00,0.00,0.00,0.00,0.00%,0.00
9/10/22,1518.00,0.00,0.00,1518.00,516.90,1001.10,65.95%,0.00
9/9/22,1667.99,0.00,0.00,1667.99,559.55,1108.44,66.45%,0.00
9/8/22,1325.97,0.00,0.00,1325.97,431.45,894.52,67.46%,0.00
9/7/22,1588.99,0.00,0.00,1588.99,526.45,1062.54,66.87%,0.00
9/6/22,1490.99,0.00,0.00,1490.99,497.00,993.99,66.67%,0.00
9/5/22,1128.98,0.00,0.00,1128.98,360.20,768.78,68.10%,0.00
9/4/22,0.00,0.00,0.00,0.00,0.00,0.00,0.00%,0.00
9/3/22,1527.98,0.00,0.00,1527.98,503.90,1024.08,67.02%,0.00
9/2/22,2106.96,0.00,2.00,2104.96,706.05,1398.91,66.46%,0.00
9/1/22,2071.96,0.00,0.00,2071.96,694.35,1377.61,66.49%,0.00
8/31/22,1597.00,0.00,0.00,1597.00,530.75,1066.25,66.77%,0.00
8/30/22,1428.00,0.00,0.00,1428.00,474.55,953.45,66.77%,0.00
8/29/22,1401.98,0.00,0.00,1401.98,444.75,957.23,68.28%,0.00
8/28/22,0.00,0.00,0.00,0.00,0.00,0.00,0.00%,0.00
8/27/22,1347.96,0.00,0.00,1347.96,446.20,901.76,66.90%,0.00
8/26/22,2182.97,0.00,0.00,2182.97,725.20,1457.77,66.78%,0.00
8/25/22,1561.99,0.00,0.00,1561.99,506.25,1055.74,67.59%,0.00
8/24/22,1729.99,0.00,0.00,1729.99,577.20,1152.79,66.64%,0.00
8/23/22,1467.99,0.00,0.00,1467.99,453.70,1014.29,69.09%,0.00
8/22/22,1145.00,0.00,0.00,1145.00,358.85,786.15,68.66%,0.00
8/21/22,0.00,0.00,0.00,0.00,0.00,0.00,0.00%,0.00
8/20/22,1249.99,0.00,0.00,1249.99,388.75,861.24,68.90%,0.00
8/19/22,1852.00,0.00,0.00,1852.00,608.70,1243.30,67.13%,0.00
8/18/22,1569.00,0.00,1.00,1568.00,517.15,1050.85,67.02%,0.00
8/17/22,1287.99,0.00,0.00,1287.99,415.20,872.79,67.76%,0.00
8/16/22,1374.00,0.00,0.00,1374.00,450.65,923.35,67.20%,0.00
8/15/22,1128.98,0.00,0.00,1128.98,375.55,753.43,66.74%,0.00
8/14/22,0.00,0.00,0.00,0.00,0.00,0.00,0.00%,0.00
8/13/22,1520.99,0.00,0.00,1520.99,487.55,1033.44,67.95%,0.00
8/12/22,1810.98,0.00,8.00,1802.98,583.70,1219.28,67.63%,0.00
8/11/22,1409.99,0.00,0.00,1409.99,447.45,962.54,68.27%,0.00
8/10/22,1543.99,0.00,0.00,1543.99,502.00,1041.99,67.49%,0.00
8/9/22,1561.98,0.00,0.00,1561.98,500.45,1061.53,67.96%,0.00
8/8/22,1494.00,0.00,0.00,1494.00,509.45,984.55,65.90%,0.00
8/7/22,0.00,0.00,0.00,0.00,0.00,0.00,0.00%,0.00
8/6/22,1221.99,0.00,0.00,1221.99,384.65,837.34,68.52%,0.00
8/5/22,1804.98,0.00,0.00,1804.98,581.55,1223.43,67.78%,0.00
8/4/22,1909.00,0.00,0.00,1909.00,632.60,1276.40,66.86%,0.00
8/3/22,0.00,0.00,0.00,0.00,0.00,0.00,0.00%,0.00
8/2/22,0.00,0.00,0.00,0.00,0.00,0.00,0.00%,0.00
8/1/22,0.00,0.00,0.00,0.00,0.00,0.00,0.00%,0.00
7/31/22,0.00,0.00,0.00,0.00,0.00,0.00,0.00%,0.00
7/30/22,1556.99,0.00,0.00,1556.99,506.25,1050.74,67.49%,0.00
7/29/22,1531.99,0.00,0.00,1531.99,500.20,1031.79,67.35%,0.00
7/28/22,978.00,0.00,0.00,978.00,324.30,653.70,66.84%,0.00
7/27/22,1463.99,0.00,0.00,1463.99,483.65,980.34,66.96%,0.00
7/26/22,1335.98,0.00,0.00,1335.98,434.85,901.13,67.45%,0.00
7/25/22,1677.00,0.00,0.00,1677.00,558.65,1118.35,66.69%,0.00
7/24/22,0.00,0.00,0.00,0.00,0.00,0.00,0.00%,0.00
7/23/22,1635.98,0.00,0.00,1635.98,519.75,1116.23,68.23%,0.00
7/22/22,1646.00,0.00,0.00,1646.00,550.95,1095.05,66.53%,0.00
7/21/22,1410.00,0.00,0.00,1410.00,466.45,943.55,66.92%,0.00
7/20/22,1239.98,0.00,0.00,1239.98,398.10,841.88,67.89%,0.00
7/19/22,1254.00,0.00,0.00,1254.00,412.90,841.10,67.07%,0.00
7/18/22,1659.00,0.00,0.00,1659.00,547.25,1111.75,67.01%,0.00
7/17/22,0.00,0.00,0.00,0.00,0.00,0.00,0.00%,0.00
7/16/22,1867.00,0.00,0.00,1867.00,595.50,1271.50,68.10%,0.00
7/15/22,2296.99,0.00,0.00,2296.99,749.65,1547.34,67.36%,0.00
7/14/22,1603.00,0.00,0.00,1603.00,491.35,1111.65,69.35%,0.00
7/13/22,1131.98,0.00,0.00,1131.98,358.80,773.18,68.30%,0.00
7/12/22,1701.98,0.00,0.00,1701.98,542.30,1159.68,68.14%,0.00
7/11/22,1538.98,0.00,0.00,1538.98,503.60,1035.38,67.28%,0.00
7/10/22,0.00,0.00,0.00,0.00,0.00,0.00,0.00%,0.00
7/9/22,1327.00,0.00,0.00,1327.00,426.70,900.30,67.84%,0.00
7/8/22,2342.99,0.00,0.00,2342.99,771.80,1571.19,67.06%,0.00
7/7/22,1272.98,0.00,0.00,1272.98,416.85,856.13,67.25%,0.00
7/6/22,1295.00,0.00,0.00,1295.00,434.80,860.20,66.42%,0.00
7/5/22,1745.12,0.00,0.00,1745.12,577.60,1167.52,66.90%,0.00
7/4/22,0.00,0.00,0.00,0.00,0.00,0.00,0.00%,0.00
7/3/22,0.00,0.00,0.00,0.00,0.00,0.00,0.00%,0.00
7/2/22,1805.00,0.00,0.00,1805.00,602.90,1202.10,66.60%,0.00
7/1/22,2209.98,0.00,0.00,2209.98,724.85,1485.13,67.20%,0.00
6/30/22,1958.99,0.00,0.00,1958.99,655.85,1303.14,66.52%,0.00
6/29/22,1957.99,0.00,0.00,1957.99,632.95,1325.04,67.67%,0.00
6/28/22,1814.99,0.00,0.00,1814.99,596.70,1218.29,67.12%,0.00
6/27/22,1173.99,0.00,0.00,1173.99,377.10,796.89,67.88%,0.00
6/26/22,0.00,0.00,0.00,0.00,0.00,0.00,0.00%,0.00
6/25/22,1526.00,0.00,0.00,1526.00,512.05,1013.95,66.44%,0.00
6/24/22,2136.99,0.00,5.30,2131.69,694.35,1437.34,67.43%,0.00
6/23/22,1758.98,0.00,0.00,1758.98,567.05,1191.93,67.76%,0.00
6/22/22,1658.98,0.00,0.00,1658.98,540.15,1118.83,67.44%,0.00
6/21/22,1188.00,0.00,0.00,1188.00,385.60,802.40,67.54%,0.00
6/20/22,1351.96,0.00,0.00,1351.96,426.55,925.41,68.45%,0.00
6/19/22,0.00,0.00,0.00,0.00,0.00,0.00,0.00%,0.00
6/18/22,1840.00,0.00,0.00,1840.00,609.55,1230.45,66.87%,0.00
6/17/22,2160.98,0.00,0.00,2160.98,720.80,1440.18,66.64%,0.00
6/16/22,1783.00,0.00,0.00,1783.00,591.85,1191.15,66.81%,0.00
6/15/22,2139.00,0.00,0.00,2139.00,716.45,1422.55,66.51%,0.00
6/14/22,1663.00,0.00,0.00,1663.00,549.40,1113.60,66.96%,0.00
6/13/22,1167.99,0.00,0.00,1167.99,388.45,779.54,66.74%,0.00
6/12/22,0.00,0.00,0.00,0.00,0.00,0.00,0.00%,0.00
6/11/22,1194.98,0.00,0.00,1194.98,387.30,807.68,67.59%,0.00
6/10/22,0.00,0.00,0.00,0.00,0.00,0.00,0.00%,0.00
6/9/22,1827.00,0.00,0.00,1827.00,602.85,1224.15,67.00%,0.00
6/8/22,1394.99,0.00,0.00,1394.99,466.95,928.04,66.53%,0.00
6/7/22,1430.00,0.00,0.00,1430.00,485.40,944.60,66.06%,0.00
6/6/22,0.00,0.00,0.00,0.00,0.00,0.00,0.00%,0.00
6/5/22,0.00,0.00,0.00,0.00,0.00,0.00,0.00%,0.00
6/4/22,1607.99,0.00,0.00,1607.99,516.85,1091.14,67.86%,0.00
6/3/22,0.00,0.00,0.00,0.00,0.00,0.00,0.00%,0.00
6/2/22,1650.00,16.00,0.00,1634.00,548.80,1085.20,66.41%,0.00
6/1/22,1581.00,0.00,0.00,1581.00,532.50,1048.50,66.32%,0.00
5/31/22,1835.00,0.00,0.00,1835.00,605.15,1229.85,67.02%,0.00
5/30/22,1279.99,0.00,1.00,1278.99,436.05,842.94,65.91%,0.00
5/29/22,0.00,0.00,0.00,0.00,0.00,0.00,0.00%,0.00
5/28/22,1904.00,0.00,0.00,1904.00,629.95,1274.05,66.91%,0.00
5/27/22,2621.00,0.00,0.00,2621.00,857.70,1763.30,67.28%,0.00
5/26/22,1165.99,0.00,0.00,1165.99,388.75,777.24,66.66%,0.00
5/25/22,1550.00,0.00,0.00,1550.00,515.80,1034.20,66.72%,0.00
5/24/22,1500.00,0.00,2.00,1498.00,495.20,1002.80,66.94%,0.00
5/23/22,1140.99,0.00,0.00,1140.99,379.00,761.99,66.78%,0.00
5/22/22,0.00,0.00,0.00,0.00,0.00,0.00,0.00%,0.00
5/21/22,1211.99,59.99,0.00,1152.00,375.55,776.45,67.40%,0.00
5/20/22,2190.00,0.00,0.00,2190.00,718.05,1471.95,67.21%,0.00
5/19/22,1926.00,0.00,0.00,1926.00,622.55,1303.45,67.68%,0.00
5/18/22,1578.95,0.00,0.00,1578.95,514.95,1064.00,67.39%,0.00
5/17/22,1313.99,0.00,0.00,1313.99,430.10,883.89,67.27%,0.00
5/16/22,1370.00,0.00,0.00,1370.00,452.40,917.60,66.98%,0.00
5/15/22,0.00,0.00,0.00,0.00,0.00,0.00,0.00%,0.00
5/14/22,1345.99,0.00,0.00,1345.99,436.00,909.99,67.61%,0.00
5/13/22,1871.00,0.00,0.00,1871.00,618.35,1252.65,66.95%,0.00
5/12/22,1490.00,0.00,0.00,1490.00,473.95,1016.05,68.19%,0.00
5/11/22,1308.99,0.00,0.00,1308.99,429.00,879.99,67.23%,0.00
5/10/22,1332.00,0.00,0.00,1332.00,443.50,888.50,66.70%,0.00
5/9/22,1265.00,0.00,2.00,1263.00,422.75,840.25,66.53%,0.00
5/8/22,0.00,0.00,0.00,0.00,0.00,0.00,0.00%,0.00
5/7/22,1473.96,0.00,0.00,1473.96,479.95,994.01,67.44%,0.00
5/6/22,2103.00,14.00,0.00,2089.00,682.70,1406.30,67.32%,0.00
5/5/22,1471.00,0.00,0.00,1471.00,473.25,997.75,67.83%,0.00
5/4/22,1258.00,0.00,0.00,1258.00,414.95,843.05,67.02%,0.00
5/3/22,1352.99,0.00,0.00,1352.99,437.45,915.54,67.67%,0.00
5/2/22,1410.99,0.00,0.00,1410.99,468.15,942.84,66.82%,0.00
5/1/22,0.00,0.00,0.00,0.00,0.00,0.00,0.00%,0.00
4/30/22,1214.00,0.00,0.00,1214.00,390.00,824.00,67.87%,0.00
4/29/22,1932.98,0.00,0.00,1932.98,631.35,1301.63,67.34%,0.00
4/28/22,1653.99,0.00,0.00,1653.99,540.65,1113.34,67.31%,0.00
4/27/22,1227.00,0.00,0.00,1227.00,412.85,814.15,66.35%,0.00
4/26/22,1587.00,0.00,0.00,1587.00,535.35,1051.65,66.27%,0.00
4/25/22,1318.00,0.00,0.00,1318.00,436.70,881.30,66.87%,0.00
4/24/22,0.00,0.00,0.00,0.00,0.00,0.00,0.00%,0.00
4/23/22,1749.94,0.00,0.00,1749.94,552.35,1197.59,68.44%,0.00
4/22/22,1818.99,0.00,0.00,1818.99,608.65,1210.34,66.54%,0.00
4/21/22,1398.00,0.00,0.00,1398.00,473.85,924.15,66.11%,0.00
4/20/22,1440.99,0.00,26.00,1414.99,466.40,948.59,67.04%,0.00
4/19/22,1798.00,0.00,0.00,1798.00,582.90,1215.10,67.58%,0.00
4/18/22,0.00,0.00,0.00,0.00,0.00,0.00,0.00%,0.00
4/17/22,0.00,0.00,0.00,0.00,0.00,0.00,0.00%,0.00
4/16/22,1586.00,0.00,0.00,1586.00,510.70,1075.30,67.80%,0.00
4/15/22,0.00,0.00,0.00,0.00,0.00,0.00,0.00%,0.00
4/14/22,1940.00,0.00,0.00,1940.00,642.00,1298.00,66.91%,0.00
4/13/22,1324.95,0.00,0.00,1324.95,420.45,904.50,68.27%,0.00
4/12/22,1539.00,0.00,0.00,1539.00,515.00,1024.00,66.54%,0.00
4/11/22,1100.95,0.00,0.00,1100.95,338.50,762.45,69.25%,0.00
4/10/22,0.00,0.00,0.00,0.00,0.00,0.00,0.00%,0.00
4/9/22,1238.00,0.00,0.00,1238.00,390.20,847.80,68.48%,0.00
4/8/22,1844.96,0.00,5.00,1839.96,587.00,1252.96,68.10%,0.00
4/7/22,1013.98,0.00,0.00,1013.98,325.25,688.73,67.92%,0.00
4/6/22,1386.00,0.00,0.00,1386.00,453.15,932.85,67.31%,0.00
4/5/22,1574.99,0.00,0.00,1574.99,514.75,1060.24,67.32%,0.00
4/4/22,1160.00,0.00,0.00,1160.00,382.85,777.15,67.00%,0.00
4/3/22,2081.00,0.00,2.00,2079.00,626.00,1453.00,69.89%,0.00
4/2/22,2726.00,0.00,0.00,2726.00,865.50,1860.50,68.25%,0.00
4/1/22,3144.00,0.00,0.00,3144.00,1001.80,2142.20,68.14%,0.00
3/31/22,1637.99,0.00,0.00,1637.99,535.80,1102.19,67.29%,0.00
3/30/22,1274.00,0.00,0.00,1274.00,409.10,864.90,67.89%,0.00
3/29/22,1159.99,0.00,0.00,1159.99,381.70,778.29,67.09%,0.00
3/28/22,1330.00,0.00,0.00,1330.00,442.05,887.95,66.76%,0.00
3/27/22,0.00,0.00,0.00,0.00,0.00,0.00,0.00%,0.00
3/26/22,1175.97,0.00,0.00,1175.97,383.20,792.77,67.41%,0.00
3/25/22,2501.00,0.00,0.00,2501.00,803.00,1698.00,67.89%,0.00
3/24/22,1563.00,0.00,0.00,1563.00,503.45,1059.55,67.79%,0.00
3/23/22,1134.99,0.00,0.00,1134.99,376.60,758.39,66.82%,0.00
3/22/22,1382.00,0.00,0.00,1382.00,444.20,937.80,67.86%,0.00
3/21/22,1204.98,0.00,0.00,1204.98,396.65,808.33,67.08%,0.00
3/20/22,0.00,0.00,0.00,0.00,0.00,0.00,0.00%,0.00
3/19/22,1406.00,0.00,0.00,1406.00,459.70,946.30,67.30%,0.00
3/18/22,1689.99,0.00,2.00,1687.99,569.50,1118.49,66.26%,0.00
3/17/22,1168.00,0.00,1.00,1167.00,385.35,781.65,66.98%,0.00
3/16/22,1133.98,0.00,0.00,1133.98,360.80,773.18,68.18%,0.00
3/15/22,1303.96,0.00,1.00,1302.96,413.10,889.86,68.30%,0.00
3/14/22,1253.00,0.00,0.00,1253.00,423.90,829.10,66.17%,0.00
3/13/22,0.00,0.00,0.00,0.00,0.00,0.00,0.00%,0.00
3/12/22,1309.00,0.00,2.00,1307.00,424.95,882.05,67.49%,0.00
3/11/22,2076.99,0.00,0.00,2076.99,682.45,1394.54,67.14%,0.00
3/10/22,1206.00,0.00,0.00,1206.00,384.75,821.25,68.10%,0.00
3/9/22,1005.94,0.00,0.00,1005.94,305.60,700.34,69.62%,0.00
3/8/22,1418.00,0.00,0.00,1418.00,468.45,949.55,66.96%,0.00
3/7/22,0.00,0.00,0.00,0.00,0.00,0.00,0.00%,0.00
3/6/22,0.00,0.00,0.00,0.00,0.00,0.00,0.00%,0.00
3/5/22,1174.99,0.00,0.00,1174.99,386.40,788.59,67.11%,0.00
3/4/22,1966.99,0.00,0.00,1966.99,632.65,1334.34,67.84%,0.00
3/3/22,898.98,0.00,0.00,898.98,294.60,604.38,67.23%,0.00
3/2/22,1383.99,0.00,4.00,1379.99,438.15,941.84,68.25%,0.00
3/1/22,1508.00,0.00,0.00,1508.00,501.40,1006.60,66.75%,0.00
2/28/22,1120.00,0.00,0.00,1120.00,371.90,748.10,66.79%,0.00
2/27/22,0.00,0.00,0.00,0.00,0.00,0.00,0.00%,0.00
2/26/22,1322.00,0.00,0.00,1322.00,428.45,893.55,67.59%,0.00
2/25/22,1628.99,0.00,0.00,1628.99,534.70,1094.29,67.18%,0.00
2/24/22,1159.00,0.00,0.00,1159.00,375.50,783.50,67.60%,0.00
2/23/22,1108.97,0.00,0.00,1108.97,357.40,751.57,67.77%,0.00
2/22/22,1618.99,0.00,0.00,1618.99,521.10,1097.89,67.81%,0.00
2/21/22,922.99,0.00,0.00,922.99,296.60,626.39,67.87%,0.00
2/20/22,0.00,0.00,0.00,0.00,0.00,0.00,0.00%,0.00
2/19/22,1234.00,0.00,3.00,1231.00,400.75,830.25,67.45%,0.00
2/18/22,2019.97,0.00,4.00,2015.97,648.70,1367.27,67.82%,0.00
2/17/22,1689.99,0.00,0.00,1689.99,558.65,1131.34,66.94%,0.00
2/16/22,1493.00,0.00,0.00,1493.00,503.50,989.50,66.28%,0.00
2/15/22,1440.00,0.00,0.00,1440.00,485.35,954.65,66.30%,0.00
2/14/22,1179.00,0.00,0.00,1179.00,371.95,807.05,68.45%,0.00
2/13/22,0.00,0.00,0.00,0.00,0.00,0.00,0.00%,0.00
2/12/22,1391.00,0.00,0.00,1391.00,463.20,927.80,66.70%,0.00
2/11/22,1879.00,0.00,0.00,1879.00,604.45,1274.55,67.83%,0.00
2/10/22,1133.99,0.00,0.00,1133.99,368.20,765.79,67.53%,0.00
2/9/22,896.99,0.00,0.00,896.99,296.70,600.29,66.92%,0.00
2/8/22,1299.99,0.00,0.00,1299.99,431.20,868.79,66.83%,0.00
2/7/22,1224.99,0.00,0.00,1224.99,395.45,829.54,67.72%,0.00
2/6/22,0.00,0.00,0.00,0.00,0.00,0.00,0.00%,0.00
2/5/22,1357.00,0.00,0.00,1357.00,451.35,905.65,66.74%,0.00
2/4/22,1753.99,0.00,0.00,1753.99,577.10,1176.89,67.10%,0.00
2/3/22,1129.99,0.00,0.00,1129.99,376.25,753.74,66.70%,0.00
2/2/22,1336.99,0.00,0.00,1336.99,437.00,899.99,67.31%,0.00
2/1/22,1348.99,0.00,0.00,1348.99,440.75,908.24,67.33%,0.00
1/31/22,1565.00,0.00,0.00,1565.00,537.05,1027.95,65.68%,0.00
1/30/22,0.00,0.00,0.00,0.00,0.00,0.00,0.00%,0.00
1/29/22,1986.94,0.00,0.00,1986.94,638.85,1348.09,67.85%,0.00
1/28/22,1742.00,0.00,1.00,1741.00,571.20,1169.80,67.19%,0.00
1/27/22,1681.00,0.00,0.00,1681.00,546.65,1134.35,67.48%,0.00
1/26/22,1259.00,0.00,0.00,1259.00,410.50,848.50,67.39%,0.00
1/25/22,955.00,0.00,0.00,955.00,301.25,653.75,68.46%,0.00
1/24/22,889.98,0.00,0.00,889.98,280.45,609.53,68.49%,0.00
1/23/22,0.00,0.00,0.00,0.00,0.00,0.00,0.00%,0.00
1/22/22,1818.00,0.00,10.00,1808.00,585.45,1222.55,67.62%,0.00
1/21/22,1879.00,0.00,0.00,1879.00,621.20,1257.80,66.94%,0.00
1/20/22,932.00,0.00,12.00,920.00,309.45,610.55,66.36%,0.00
1/19/22,1789.00,0.00,0.00,1789.00,584.70,1204.30,67.32%,0.00
1/18/22,874.00,0.00,0.00,874.00,284.10,589.90,67.49%,0.00
1/17/22,1062.00,0.00,0.00,1062.00,346.30,715.70,67.39%,0.00
1/16/22,0.00,0.00,0.00,0.00,0.00,0.00,0.00%,0.00
1/15/22,1457.99,0.00,4.00,1453.99,470.45,983.54,67.64%,0.00
1/14/22,1916.00,0.00,0.00,1916.00,627.90,1288.10,67.23%,0.00
1/13/22,965.99,0.00,0.00,965.99,307.40,658.59,68.18%,0.00
1/12/22,1115.00,0.00,0.00,1115.00,361.60,753.40,67.57%,0.00
1/11/22,1055.00,0.00,0.00,1055.00,342.70,712.30,67.52%,0.00
1/10/22,1313.99,0.00,0.00,1313.99,441.60,872.39,66.39%,0.00
1/9/22,0.00,0.00,0.00,0.00,0.00,0.00,0.00%,0.00
1/8/22,1636.97,0.00,2.00,1634.97,532.95,1102.02,67.40%,0.00
1/7/22,1648.99,0.00,0.00,1648.99,536.15,1112.84,67.49%,0.00
1/6/22,1191.97,0.00,0.00,1191.97,383.10,808.87,67.86%,0.00
1/5/22,1614.99,0.00,0.00,1614.99,525.55,1089.44,67.46%,0.00
1/4/22,1454.00,0.00,4.00,1450.00,485.25,964.75,66.53%,0.00
1/3/22,0.00,0.00,0.00,0.00,0.00,0.00,0.00%,0.00
1/2/22,0.00,0.00,0.00,0.00,0.00,0.00,0.00%,0.00
1/1/22,0.00,0.00,0.00,0.00,0.00,0.00,0.00%,0.00
12/31/21,1742.98,0.00,0.00,1742.98,560.90,1182.08,67.82%,0.00
12/30/21,1605.00,0.00,6.00,1599.00,525.55,1073.45,67.13%,0.00
12/29/21,1646.00,0.00,12.00,1634.00,518.30,1115.70,68.28%,0.00
12/28/21,0.00,0.00,0.00,0.00,0.00,0.00,0.00%,0.00
12/27/21,0.00,0.00,0.00,0.00,0.00,0.00,0.00%,0.00
12/26/21,0.00,0.00,0.00,0.00,0.00,0.00,0.00%,0.00
12/25/21,0.00,0.00,0.00,0.00,0.00,0.00,0.00%,0.00
12/24/21,2090.99,0.00,0.00,2090.99,690.20,1400.79,66.99%,0.00
12/23/21,1370.99,0.00,0.00,1370.99,452.20,918.79,67.02%,0.00
12/22/21,1964.97,0.00,2.00,1962.97,633.80,1329.17,67.71%,0.00
12/21/21,1778.00,0.00,0.00,1778.00,574.90,1203.10,67.67%,0.00
12/20/21,1644.99,0.00,0.00,1644.99,546.05,1098.94,66.81%,0.00
12/19/21,0.00,0.00,0.00,0.00,0.00,0.00,0.00%,0.00
12/18/21,1682.00,0.00,0.00,1682.00,548.70,1133.30,67.38%,0.00
12/17/21,2300.00,0.00,0.00,2300.00,751.60,1548.40,67.32%,0.00
12/16/21,1630.99,0.00,0.00,1630.99,536.70,1094.29,67.09%,0.00
12/15/21,1200.00,0.00,0.00,1200.00,397.40,802.60,66.88%,0.00
12/14/21,1271.99,0.00,0.00,1271.99,413.00,858.99,67.53%,0.00
12/13/21,990.00,0.00,2.00,988.00,322.40,665.60,67.37%,0.00
12/12/21,0.00,0.00,0.00,0.00,0.00,0.00,0.00%,0.00
12/11/21,1237.00,0.00,8.00,1229.00,407.20,821.80,66.87%,0.00
12/10/21,1286.98,0.00,4.00,1282.98,411.25,871.73,67.95%,0.00
12/9/21,1111.96,0.00,0.00,1111.96,346.55,765.41,68.83%,0.00
12/8/21,1299.00,0.00,0.00,1299.00,426.65,872.35,67.16%,0.00
12/7/21,1217.99,0.00,0.00,1217.99,394.90,823.09,67.58%,0.00
12/6/21,1276.00,0.00,2.00,1274.00,411.20,862.80,67.72%,0.00
12/5/21,0.00,0.00,0.00,0.00,0.00,0.00,0.00%,0.00
12/4/21,1110.99,0.00,0.00,1110.99,359.60,751.39,67.63%,0.00
12/3/21,1604.98,0.00,0.00,1604.98,523.70,1081.28,67.37%,0.00
12/2/21,1088.00,0.00,0.00,1088.00,360.20,727.80,66.89%,0.00
12/1/21,1194.99,0.00,0.00,1194.99,385.10,809.89,67.77%,0.00
11/30/21,903.00,0.00,0.00,903.00,293.45,609.55,67.50%,0.00
11/29/21,925.00,0.00,1.00,924.00,295.35,628.65,68.04%,0.00
11/28/21,0.00,0.00,0.00,0.00,0.00,0.00,0.00%,0.00
11/27/21,1355.00,0.00,2.00,1353.00,460.50,892.50,65.96%,0.00
11/26/21,1525.99,0.00,0.00,1525.99,495.20,1030.79,67.55%,0.00
11/25/21,732.99,0.00,0.00,732.99,220.60,512.39,69.90%,0.00
11/24/21,841.98,0.00,0.00,841.98,261.65,580.33,68.92%,0.00
11/23/21,1330.98,0.00,0.00,1330.98,421.15,909.83,68.36%,0.00
11/22/21,0.00,0.00,0.00,0.00,0.00,0.00,0.00%,0.00
11/21/21,0.00,0.00,0.00,0.00,0.00,0.00,0.00%,0.00
11/20/21,1281.00,0.00,2.00,1279.00,417.05,861.95,67.39%,0.00
11/19/21,1195.99,0.00,0.00,1195.99,387.35,808.64,67.61%,0.00
11/18/21,1286.98,0.00,1.00,1285.98,406.90,879.08,68.36%,0.00
11/17/21,976.99,0.00,0.00,976.99,317.20,659.79,67.53%,0.00
11/16/21,1046.99,13.00,0.00,1033.99,327.25,706.74,68.35%,0.00
11/15/21,909.00,0.00,0.00,909.00,291.20,617.80,67.96%,0.00
11/14/21,0.00,0.00,0.00,0.00,0.00,0.00,0.00%,0.00
11/13/21,954.99,0.00,0.00,954.99,311.25,643.74,67.41%,0.00
11/12/21,1508.97,0.00,14.00,1494.97,481.95,1013.02,67.76%,0.00
11/11/21,1092.99,0.00,4.00,1088.99,371.10,717.89,65.92%,0.00
11/10/21,1098.98,0.00,0.00,1098.98,343.35,755.63,68.76%,0.00
11/9/21,810.98,28.00,0.00,782.98,251.00,531.98,67.94%,0.00
11/8/21,968.00,0.00,4.00,964.00,326.15,637.85,66.17%,0.00
11/7/21,0.00,0.00,0.00,0.00,0.00,0.00,0.00%,0.00
11/6/21,1022.00,0.00,1.00,1021.00,327.10,693.90,67.96%,0.00
11/5/21,1472.00,0.00,0.00,1472.00,492.05,979.95,66.57%,0.00
11/4/21,1045.99,0.00,0.00,1045.99,332.80,713.19,68.18%,0.00
11/3/21,1191.00,0.00,11.00,1180.00,385.00,795.00,67.37%,0.00
11/2/21,1199.98,0.00,14.00,1185.98,371.25,814.73,68.70%,0.00
11/1/21,1091.00,0.00,0.00,1091.00,351.85,739.15,67.75%,0.00
10/31/21,0.00,0.00,0.00,0.00,0.00,0.00,0.00%,0.00
10/30/21,1773.92,0.00,5.00,1768.92,548.10,1220.82,69.01%,0.00
10/29/21,1754.96,0.00,0.00,1754.96,546.60,1208.36,68.85%,0.00
10/28/21,1341.00,0.00,0.00,1341.00,419.90,921.10,68.69%,0.00
10/27/21,1000.96,0.00,21.00,979.96,314.00,665.96,67.96%,0.00
10/26/21,1138.00,0.00,0.00,1138.00,368.10,769.90,67.65%,0.00
10/25/21,1176.00,0.00,0.00,1176.00,360.70,815.30,69.33%,0.00
10/24/21,0.00,0.00,0.00,0.00,0.00,0.00,0.00%,0.00
10/23/21,1321.99,0.00,0.00,1321.99,430.10,891.89,67.47%,0.00
10/22/21,1863.96,0.00,0.00,1863.96,592.05,1271.91,68.24%,0.00
10/21/21,1260.00,0.00,0.00,1260.00,413.10,846.90,67.21%,0.00
10/20/21,1178.99,0.00,0.00,1178.99,389.40,789.59,66.97%,0.00
10/19/21,1026.96,0.00,0.00,1026.96,326.45,700.51,68.21%,0.00
10/18/21,0.00,0.00,0.00,0.00,0.00,0.00,0.00%,0.00
10/17/21,0.00,0.00,0.00,0.00,0.00,0.00,0.00%,0.00
10/16/21,931.99,0.00,0.00,931.99,287.50,644.49,69.15%,0.00
10/15/21,1607.97,0.00,4.00,1603.97,506.90,1097.07,68.40%,0.00
10/14/21,1023.99,0.00,0.00,1023.99,341.65,682.34,66.64%,0.00
10/13/21,1296.96,0.00,0.00,1296.96,415.90,881.06,67.93%,0.00
10/12/21,1138.98,0.00,0.00,1138.98,366.80,772.18,67.80%,0.00
10/11/21,1185.97,0.00,0.00,1185.97,369.60,816.37,68.84%,0.00
10/10/21,0.00,0.00,0.00,0.00,0.00,0.00,0.00%,0.00
10/9/21,1079.00,0.00,0.00,1079.00,337.35,741.65,68.73%,0.00
10/8/21,1431.94,0.00,34.00,1397.94,440.10,957.84,68.52%,0.00
10/7/21,990.94,0.00,0.00,990.94,304.20,686.74,69.30%,0.00
10/6/21,1182.99,0.00,14.00,1168.99,374.35,794.64,67.98%,0.00
10/5/21,853.97,0.00,0.00,853.97,276.95,577.02,67.57%,0.00
10/4/21,1051.98,0.00,0.00,1051.98,337.95,714.03,67.87%,0.00
10/3/21,0.00,0.00,0.00,0.00,0.00,0.00,0.00%,0.00
10/2/21,1077.00,0.00,2.00,1075.00,355.65,719.35,66.92%,0.00
10/1/21,1704.97,0.00,5.00,1699.97,562.05,1137.92,66.94%,0.00
9/30/21,1273.96,0.00,0.00,1273.96,401.85,872.11,68.46%,0.00
9/29/21,1275.98,0.00,16.00,1259.98,416.20,843.78,66.97%,0.00
9/28/21,1106.99,0.00,17.00,1089.99,346.10,743.89,68.25%,0.00
9/27/21,1060.00,0.00,0.00,1060.00,344.90,715.10,67.46%,0.00
9/26/21,0.00,0.00,0.00,0.00,0.00,0.00,0.00%,0.00
9/25/21,870.98,0.00,16.00,854.98,272.80,582.18,68.09%,0.00
9/24/21,1577.98,0.00,31.00,1546.98,503.45,1043.53,67.46%,0.00
9/23/21,1169.99,0.00,0.00,1169.99,372.40,797.59,68.17%,0.00
9/22/21,930.00,0.00,0.00,930.00,309.15,620.85,66.76%,0.00
9/21/21,1340.00,0.00,0.00,1340.00,432.95,907.05,67.69%,0.00
9/20/21,1057.00,0.00,0.00,1057.00,358.70,698.30,66.06%,0.00
9/19/21,0.00,0.00,0.00,0.00,0.00,0.00,0.00%,0.00
9/18/21,921.00,0.00,0.00,921.00,295.20,625.80,67.95%,0.00
9/17/21,1648.00,0.00,0.00,1648.00,549.70,1098.30,66.64%,0.00
9/16/21,1105.00,0.00,14.00,1091.00,366.45,724.55,66.41%,0.00
9/15/21,1384.00,0.00,6.00,1378.00,456.10,921.90,66.90%,0.00
9/14/21,1360.00,0.00,0.00,1360.00,448.90,911.10,66.99%,0.00
9/13/21,854.00,25.00,0.00,829.00,275.85,553.15,66.72%,0.00
9/12/21,0.00,0.00,0.00,0.00,0.00,0.00,0.00%,0.00
9/11/21,1090.00,0.00,31.00,1059.00,352.45,706.55,66.72%,0.00
9/10/21,1662.00,0.00,0.00,1662.00,534.80,1127.20,67.82%,0.00
9/9/21,1030.00,0.00,0.00,1030.00,339.60,690.40,67.03%,0.00
9/8/21,998.00,0.00,0.00,998.00,319.25,678.75,68.01%,0.00
9/7/21,1049.00,0.00,0.00,1049.00,350.25,698.75,66.61%,0.00
9/6/21,905.00,0.00,7.00,898.00,290.70,607.30,67.63%,0.00
9/5/21,0.00,0.00,0.00,0.00,0.00,0.00,0.00%,0.00
9/4/21,1378.00,0.00,2.00,1376.00,458.00,918.00,66.72%,0.00
9/3/21,1650.00,0.00,0.00,1650.00,527.95,1122.05,68.00%,0.00
9/2/21,1569.00,0.00,0.00,1569.00,511.10,1057.90,67.43%,0.00
9/1/21,1354.00,0.00,28.00,1326.00,429.95,896.05,67.58%,0.00
8/31/21,1586.00,0.00,6.00,1580.00,494.20,1085.80,68.72%,0.00
8/30/21,1035.00,0.00,14.00,1021.00,335.45,685.55,67.14%,0.00
8/29/21,0.00,0.00,0.00,0.00,0.00,0.00,0.00%,0.00
8/28/21,1539.00,0.00,14.00,1525.00,487.75,1037.25,68.02%,0.00
8/27/21,1540.00,0.00,4.00,1536.00,497.35,1038.65,67.62%,0.00
8/26/21,1235.00,0.00,14.00,1221.00,400.25,820.75,67.22%,0.00
8/25/21,925.00,0.00,0.00,925.00,295.20,629.80,68.09%,0.00
8/24/21,1115.00,0.00,11.00,1104.00,372.80,731.20,66.23%,0.00
8/23/21,1055.00,0.00,2.00,1053.00,340.20,712.80,67.69%,0.00
8/22/21,0.00,0.00,0.00,0.00,0.00,0.00,0.00%,0.00
8/21/21,903.00,0.00,0.00,903.00,290.60,612.40,67.82%,0.00
8/20/21,1514.00,0.00,14.00,1500.00,495.35,1004.65,66.98%,0.00
8/19/21,1282.00,0.00,14.00,1268.00,429.70,838.30,66.11%,0.00
8/18/21,1057.00,0.00,0.00,1057.00,343.55,713.45,67.50%,0.00
8/17/21,850.00,0.00,0.00,850.00,286.65,563.35,66.28%,0.00
8/16/21,1076.00,0.00,0.00,1076.00,365.85,710.15,66.00%,0.00
8/15/21,0.00,0.00,0.00,0.00,0.00,0.00,0.00%,0.00
8/14/21,1155.00,0.00,0.00,1155.00,361.55,793.45,68.70%,0.00
8/13/21,1239.00,0.00,14.00,1225.00,428.85,796.15,64.99%,0.00
8/12/21,977.00,0.00,14.00,963.00,320.70,642.30,66.70%,0.00
8/11/21,1089.00,0.00,14.00,1075.00,362.15,712.85,66.31%,0.00
8/10/21,974.00,0.00,0.00,974.00,319.70,654.30,67.18%,0.00
8/9/21,1035.00,0.00,4.00,1031.00,330.75,700.25,67.92%,0.00
8/8/21,0.00,0.00,0.00,0.00,0.00,0.00,0.00%,0.00
8/7/21,1357.00,0.00,14.00,1343.00,446.20,896.80,66.78%,0.00
8/6/21,1358.00,0.00,0.00,1358.00,439.45,918.55,67.64%,0.00
8/5/21,1280.00,10.00,0.00,1270.00,400.80,869.20,68.44%,0.00
8/4/21,0.00,0.00,0.00,0.00,0.00,0.00,0.00%,0.00
8/3/21,0.00,0.00,0.00,0.00,0.00,0.00,0.00%,0.00
8/2/21,0.00,0.00,0.00,0.00,0.00,0.00,0.00%,0.00
8/1/21,0.00,0.00,0.00,0.00,0.00,0.00,0.00%,0.00
7/31/21,1568.00,0.00,0.00,1568.00,524.95,1043.05,66.52%,0.00
7/30/21,1664.00,0.00,6.00,1658.00,549.20,1108.80,66.88%,0.00
7/29/21,1363.00,0.00,0.00,1363.00,452.40,910.60,66.81%,0.00
7/28/21,1166.00,0.00,0.00,1166.00,391.15,774.85,66.45%,0.00
7/27/21,1336.00,0.00,0.00,1336.00,422.95,913.05,68.34%,0.00
7/26/21,862.00,0.00,0.00,862.00,275.20,586.80,68.07%,0.00
7/25/21,0.00,0.00,0.00,0.00,0.00,0.00,0.00%,0.00
7/24/21,872.00,0.00,0.00,872.00,272.95,599.05,68.70%,0.00
7/23/21,1134.00,0.00,0.00,1134.00,375.75,758.25,66.87%,0.00
7/22/21,1149.00,0.00,0.00,1149.00,381.50,767.50,66.80%,0.00
7/21/21,1001.00,0.00,0.00,1001.00,324.55,676.45,67.58%,0.00
7/20/21,1443.00,0.00,6.00,1437.00,475.35,961.65,66.92%,0.00
7/19/21,1032.00,0.00,0.00,1032.00,334.75,697.25,67.56%,0.00
7/18/21,0.00,0.00,0.00,0.00,0.00,0.00,0.00%,0.00
7/17/21,1135.00,0.00,0.00,1135.00,371.85,763.15,67.24%,0.00
7/16/21,1655.00,0.00,4.00,1651.00,537.00,1114.00,67.47%,0.00
7/15/21,959.00,0.00,0.00,959.00,322.15,636.85,66.41%,0.00
7/14/21,995.00,0.00,0.00,995.00,336.40,658.60,66.19%,0.00
7/13/21,1236.00,0.00,0.00,1236.00,395.90,840.10,67.97%,0.00
7/12/21,818.00,0.00,16.00,802.00,254.05,547.95,68.32%,0.00
7/11/21,0.00,0.00,0.00,0.00,0.00,0.00,0.00%,0.00
7/10/21,967.00,0.00,0.00,967.00,311.20,655.80,67.82%,0.00
7/9/21,1144.00,0.00,0.00,1144.00,373.50,770.50,67.35%,0.00
7/8/21,877.00,0.00,0.00,877.00,287.50,589.50,67.22%,0.00
7/7/21,922.00,0.00,0.00,922.00,291.75,630.25,68.36%,0.00
7/6/21,959.00,0.00,0.00,959.00,314.85,644.15,67.17%,0.00
7/5/21,0.00,0.00,0.00,0.00,0.00,0.00,0.00%,0.00
7/4/21,0.00,0.00,0.00,0.00,0.00,0.00,0.00%,0.00
7/3/21,1226.00,0.00,2.00,1224.00,404.45,819.55,66.96%,0.00
7/2/21,1552.00,0.00,0.00,1552.00,515.90,1036.10,66.76%,0.00
7/1/21,1233.00,0.00,9.50,1223.50,397.50,826.00,67.51%,0.00
6/30/21,1618.00,0.00,0.00,1618.00,518.95,1099.05,67.93%,0.00
6/29/21,1436.00,0.00,9.50,1426.50,468.05,958.45,67.19%,0.00
6/28/21,1087.00,0.00,0.00,1087.00,349.55,737.45,67.84%,0.00
6/27/21,0.00,0.00,0.00,0.00,0.00,0.00,0.00%,0.00
6/26/21,1087.00,0.00,0.00,1087.00,357.65,729.35,67.10%,0.00
6/25/21,1699.00,0.00,0.00,1699.00,542.70,1156.30,68.06%,0.00
6/24/21,1529.00,0.00,0.00,1529.00,493.45,1035.55,67.73%,0.00
6/23/21,868.00,0.00,0.00,868.00,287.70,580.30,66.85%,0.00
6/22/21,1210.00,0.00,0.00,1210.00,399.15,810.85,67.01%,0.00
6/21/21,1286.00,0.00,8.00,1278.00,413.85,864.15,67.62%,0.00
6/20/21,0.00,0.00,0.00,0.00,0.00,0.00,0.00%,0.00
6/19/21,1077.00,0.00,0.00,1077.00,346.95,730.05,67.79%,0.00
6/18/21,1733.00,0.00,0.00,1733.00,575.85,1157.15,66.77%,0.00
6/17/21,1369.00,0.00,0.00,1369.00,441.60,927.40,67.74%,0.00
6/16/21,1106.00,0.00,0.00,1106.00,359.45,746.55,67.50%,0.00
6/15/21,1116.00,0.00,0.00,1116.00,368.10,747.90,67.02%,0.00
6/14/21,1118.00,0.00,0.00,1118.00,367.55,750.45,67.12%,0.00
6/13/21,0.00,0.00,0.00,0.00,0.00,0.00,0.00%,0.00
6/12/21,1395.00,0.00,0.00,1395.00,470.30,924.70,66.29%,0.00
6/11/21,0.00,0.00,0.00,0.00,0.00,0.00,0.00%,0.00
6/10/21,1338.00,0.00,0.00,1338.00,452.55,885.45,66.18%,0.00
6/9/21,1342.00,0.00,0.00,1342.00,431.00,911.00,67.88%,0.00
6/8/21,1477.00,0.00,0.00,1477.00,482.40,994.60,67.34%,0.00
6/7/21,1340.00,0.00,0.00,1340.00,445.75,894.25,66.74%,0.00
6/6/21,0.00,0.00,0.00,0.00,0.00,0.00,0.00%,0.00
6/5/21,1650.00,0.00,0.00,1650.00,621.05,1028.95,62.36%,0.00
6/4/21,1610.00,0.00,0.00,1610.00,598.45,1011.55,62.83%,0.00
6/3/21,1360.00,0.00,0.00,1360.00,520.75,839.25,61.71%,0.00
6/2/21,1243.00,0.00,6.00,1237.00,481.85,755.15,61.05%,0.00
6/1/21,1487.00,0.00,20.00,1467.00,561.30,905.70,61.74%,0.00
5/31/21,1318.00,0.00,10.00,1308.00,498.70,809.30,61.87%,0.00
5/30/21,0.00,0.00,0.00,0.00,0.00,0.00,0.00%,0.00
5/29/21,1340.00,0.00,25.00,1315.00,516.85,798.15,60.70%,0.00
5/28/21,1644.00,0.00,10.00,1634.00,634.40,999.60,61.18%,0.00
5/27/21,1549.00,0.00,6.00,1543.00,586.25,956.75,62.01%,0.00
5/26/21,1627.00,0.00,16.50,1610.50,602.40,1008.10,62.60%,0.00
5/25/21,1142.00,0.00,0.00,1142.00,425.50,716.50,62.74%,0.00
5/24/21,0.00,0.00,0.00,0.00,0.00,0.00,0.00%,0.00
5/23/21,0.00,0.00,0.00,0.00,0.00,0.00,0.00%,0.00
5/22/21,1078.00,0.00,0.00,1078.00,404.25,673.75,62.50%,0.00
5/21/21,1531.00,0.00,22.50,1508.50,594.90,913.60,60.56%,0.00
5/20/21,1699.00,0.00,26.00,1673.00,638.40,1034.60,61.84%,0.00
5/19/21,1339.00,0.00,15.50,1323.50,502.75,820.75,62.01%,0.00
5/18/21,1580.00,0.00,18.00,1562.00,598.80,963.20,61.66%,0.00
5/17/21,910.00,0.00,11.00,899.00,332.75,566.25,62.99%,0.00
5/16/21,0.00,0.00,0.00,0.00,0.00,0.00,0.00%,0.00
5/15/21,1149.00,0.00,27.00,1122.00,417.70,704.30,62.77%,0.00
5/14/21,1670.00,0.00,9.50,1660.50,615.60,1044.90,62.93%,0.00
5/13/21,1212.00,0.00,6.00,1206.00,468.80,737.20,61.13%,0.00
5/12/21,1171.00,0.00,18.00,1153.00,445.05,707.95,61.40%,0.00
5/11/21,1359.00,0.00,0.00,1359.00,510.10,848.90,62.47%,0.00
5/10/21,1450.00,0.00,9.50,1440.50,539.70,900.80,62.53%,0.00
5/9/21,0.00,0.00,0.00,0.00,0.00,0.00,0.00%,0.00
5/8/21,1028.00,0.00,0.00,1028.00,387.50,640.50,62.31%,0.00
5/7/21,1974.00,0.00,15.00,1959.00,718.90,1240.10,63.30%,0.00
5/6/21,1415.00,0.00,8.00,1407.00,534.05,872.95,62.04%,0.00
5/5/21,1220.00,0.00,12.00,1208.00,451.20,756.80,62.65%,0.00
5/4/21,1026.00,0.00,0.00,1026.00,391.90,634.10,61.80%,0.00
5/3/21,1266.00,0.00,6.00,1260.00,478.15,781.85,62.05%,0.00
5/2/21,0.00,0.00,0.00,0.00,0.00,0.00,0.00%,0.00
5/1/21,940.00,0.00,0.00,940.00,347.20,592.80,63.06%,0.00
4/30/21,1563.00,0.00,0.00,1563.00,594.90,968.10,61.94%,0.00
4/29/21,1442.00,0.00,15.00,1427.00,550.95,876.05,61.39%,0.00
4/28/21,1091.00,0.00,6.00,1085.00,399.75,685.25,63.16%,0.00
4/27/21,1060.00,0.00,6.00,1054.00,402.45,651.55,61.82%,0.00
4/26/21,1416.00,0.00,4.00,1412.00,520.60,891.40,63.13%,0.00
4/25/21,0.00,0.00,0.00,0.00,0.00,0.00,0.00%,0.00
4/24/21,1004.00,0.00,0.00,1004.00,390.50,613.50,61.11%,0.00
4/23/21,1672.00,0.00,18.00,1654.00,617.70,1036.30,62.65%,0.00
4/22/21,1277.00,0.00,8.00,1269.00,482.60,786.40,61.97%,0.00
4/21/21,1144.00,0.00,0.00,1144.00,421.20,722.80,63.18%,0.00
4/20/21,1090.00,0.00,13.00,1077.00,419.85,657.15,61.02%,0.00
4/19/21,830.00,0.00,0.00,830.00,312.65,517.35,62.33%,0.00
4/18/21,0.00,0.00,0.00,0.00,0.00,0.00,0.00%,0.00
4/17/21,1306.00,0.00,0.00,1306.00,508.75,797.25,61.05%,0.00
4/16/21,1672.00,0.00,0.00,1672.00,628.15,1043.85,62.43%,0.00
4/15/21,1437.00,0.00,20.50,1416.50,552.40,864.10,61.00%,0.00
4/14/21,1316.00,0.00,12.00,1304.00,494.25,809.75,62.10%,0.00
4/13/21,1363.00,0.00,0.00,1363.00,509.70,853.30,62.60%,0.00
4/12/21,1124.00,0.00,0.00,1124.00,418.65,705.35,62.75%,0.00
4/11/21,0.00,0.00,0.00,0.00,0.00,0.00,0.00%,0.00
4/10/21,1250.00,0.00,0.00,1250.00,463.90,786.10,62.89%,0.00
4/9/21,1432.00,0.00,5.00,1427.00,534.65,892.35,62.53%,0.00
4/8/21,1558.00,12.00,0.00,1546.00,578.70,967.30,62.57%,0.00
4/7/21,1372.00,0.00,20.00,1352.00,525.00,827.00,61.17%,0.00
4/6/21,1358.00,0.00,2.00,1356.00,503.40,852.60,62.88%,0.00
4/5/21,0.00,0.00,0.00,0.00,0.00,0.00,0.00%,0.00
4/4/21,0.00,0.00,0.00,0.00,0.00,0.00,0.00%,0.00
4/3/21,1145.00,0.00,6.00,1139.00,418.15,720.85,63.29%,0.00
4/2/21,0.00,0.00,0.00,0.00,0.00,0.00,0.00%,0.00
4/1/21,1572.00,0.00,3.00,1569.00,599.35,969.65,61.80%,0.00
3/31/21,1609.00,0.00,8.00,1601.00,606.40,994.60,62.12%,0.00
3/30/21,1368.00,0.00,0.00,1368.00,510.15,857.85,62.71%,0.00
3/29/21,1238.00,0.00,0.00,1238.00,453.25,784.75,63.39%,0.00
3/28/21,0.00,0.00,0.00,0.00,0.00,0.00,0.00%,0.00
3/27/21,1283.00,0.00,10.00,1273.00,485.30,787.70,61.88%,0.00
3/26/21,1750.00,0.00,9.00,1741.00,658.45,1082.55,62.18%,0.00
3/25/21,1521.00,0.00,14.50,1506.50,580.10,926.40,61.49%,0.00
3/24/21,1167.00,0.00,6.00,1161.00,444.85,716.15,61.68%,0.00
3/23/21,972.00,0.00,0.00,972.00,375.05,596.95,61.41%,0.00
3/22/21,986.00,0.00,8.00,978.00,377.75,600.25,61.38%,0.00
3/21/21,0.00,0.00,0.00,0.00,0.00,0.00,0.00%,0.00
3/20/21,958.00,0.00,8.50,949.50,366.50,583.00,61.40%,0.00
3/19/21,1717.00,0.00,12.00,1705.00,636.15,1068.85,62.69%,0.00
3/18/21,1438.00,0.00,9.50,1428.50,542.25,886.25,62.04%,0.00
3/17/21,1306.00,0.00,6.00,1300.00,491.75,808.25,62.17%,0.00
3/16/21,1188.00,0.00,0.00,1188.00,433.20,754.80,63.54%,0.00
3/15/21,1264.00,0.00,6.00,1258.00,485.70,772.30,61.39%,0.00
3/14/21,0.00,0.00,0.00,0.00,0.00,0.00,0.00%,0.00
3/13/21,1287.00,0.00,3.00,1284.00,487.70,796.30,62.02%,0.00
3/12/21,1683.00,0.00,26.00,1657.00,627.80,1029.20,62.11%,0.00
3/11/21,1402.00,0.00,10.00,1392.00,539.55,852.45,61.24%,0.00
3/10/21,1386.00,0.00,0.00,1386.00,513.85,872.15,62.93%,0.00
3/9/21,1150.00,0.00,0.00,1150.00,436.95,713.05,62.00%,0.00
3/8/21,1098.00,0.00,6.00,1092.00,419.00,673.00,61.63%,0.00
3/7/21,0.00,0.00,0.00,0.00,0.00,0.00,0.00%,0.00
3/6/21,1010.00,0.00,0.00,1010.00,374.95,635.05,62.88%,0.00
3/5/21,1611.00,0.00,29.50,1581.50,604.10,977.40,61.80%,0.00
3/4/21,1225.00,0.00,0.00,1225.00,463.90,761.10,62.13%,0.00
3/3/21,1090.00,0.00,6.00,1084.00,415.25,668.75,61.69%,0.00
3/2/21,1149.00,0.00,16.00,1133.00,420.65,712.35,62.87%,0.00
3/1/21,0.00,0.00,0.00,0.00,0.00,0.00,0.00%,0.00
2/28/21,0.00,0.00,0.00,0.00,0.00,0.00,0.00%,0.00
2/27/21,1329.00,0.00,0.00,1329.00,488.90,840.10,63.21%,0.00
2/26/21,1601.00,0.00,9.50,1591.50,609.30,982.20,61.72%,0.00
2/25/21,1157.00,0.00,30.00,1127.00,421.55,705.45,62.60%,0.00
2/24/21,1191.00,0.00,6.00,1185.00,447.60,737.40,62.23%,0.00
2/23/21,1352.00,0.00,0.00,1352.00,514.40,837.60,61.95%,0.00
2/22/21,1030.00,0.00,0.00,1030.00,389.95,640.05,62.14%,0.00
2/21/21,0.00,0.00,0.00,0.00,0.00,0.00,0.00%,0.00
2/20/21,1061.00,0.00,0.00,1061.00,399.05,661.95,62.39%,0.00
2/19/21,1392.00,0.00,13.00,1379.00,522.20,856.80,62.13%,0.00
2/18/21,1392.00,0.00,9.00,1383.00,528.60,854.40,61.78%,0.00
2/17/21,1150.00,0.00,6.00,1144.00,440.10,703.90,61.53%,0.00
2/16/21,1084.00,0.00,0.00,1084.00,415.75,668.25,61.65%,0.00
2/15/21,1136.00,0.00,6.00,1130.00,423.55,706.45,62.52%,0.00
2/14/21,0.00,0.00,0.00,0.00,0.00,0.00,0.00%,0.00
2/13/21,1310.00,0.00,0.00,1310.00,488.00,822.00,62.75%,0.00
2/12/21,1630.00,0.00,6.00,1624.00,604.10,1019.90,62.80%,0.00
2/11/21,1488.00,0.00,0.00,1488.00,554.35,933.65,62.75%,0.00
2/10/21,1407.00,0.00,21.50,1385.50,529.85,855.65,61.76%,0.00
2/9/21,1256.00,0.00,12.00,1244.00,479.00,765.00,61.50%,0.00
2/8/21,1290.00,0.00,7.00,1283.00,477.90,805.10,62.75%,0.00
2/7/21,0.00,0.00,0.00,0.00,0.00,0.00,0.00%,0.00
2/6/21,1264.00,0.00,7.50,1256.50,466.00,790.50,62.91%,0.00
2/5/21,1490.00,0.00,8.50,1481.50,555.10,926.40,62.53%,0.00
2/4/21,1459.00,0.00,7.00,1452.00,553.25,898.75,61.90%,0.00
2/3/21,1348.00,0.00,21.00,1327.00,505.00,822.00,61.94%,0.00
2/2/21,1317.00,0.00,0.00,1317.00,498.25,818.75,62.17%,0.00
2/1/21,1283.00,0.00,11.00,1272.00,476.05,795.95,62.57%,0.00
1/31/21,0.00,0.00,0.00,0.00,0.00,0.00,0.00%,0.00
1/30/21,1371.00,0.00,11.00,1360.00,515.65,844.35,62.08%,0.00
1/29/21,1206.00,0.00,6.00,1200.00,456.90,743.10,61.93%,0.00
1/28/21,1430.00,0.00,17.00,1413.00,540.40,872.60,61.76%,0.00
1/27/21,1261.00,0.00,12.00,1249.00,464.90,784.10,62.78%,0.00
1/26/21,1003.00,0.00,12.50,990.50,381.75,608.75,61.46%,0.00
1/25/21,1261.00,0.00,0.00,1261.00,463.65,797.35,63.23%,0.00
1/24/21,0.00,0.00,0.00,0.00,0.00,0.00,0.00%,0.00
1/23/21,984.00,0.00,25.00,959.00,371.05,587.95,61.31%,0.00
1/22/21,1422.00,0.00,22.00,1400.00,543.20,856.80,61.20%,0.00
1/21/21,1385.00,0.00,36.50,1348.50,512.25,836.25,62.01%,0.00
1/20/21,1279.00,0.00,18.00,1261.00,482.75,778.25,61.72%,0.00
1/19/21,1359.00,0.00,23.00,1336.00,497.15,838.85,62.79%,0.00
1/18/21,1170.00,0.00,19.00,1151.00,433.20,717.80,62.36%,0.00
1/17/21,0.00,0.00,0.00,0.00,0.00,0.00,0.00%,0.00
1/16/21,1622.00,0.00,7.00,1615.00,627.45,987.55,61.15%,0.00
1/15/21,1640.00,0.00,13.00,1627.00,627.65,999.35,61.42%,0.00
1/14/21,1412.00,0.00,4.00,1408.00,542.65,865.35,61.46%,0.00
1/13/21,1241.00,0.00,0.00,1241.00,466.65,774.35,62.40%,0.00
1/12/21,1296.00,0.00,0.00,1296.00,496.35,799.65,61.70%,0.00
1/11/21,1130.00,0.00,0.00,1130.00,419.20,710.80,62.90%,0.00
1/10/21,0.00,0.00,0.00,0.00,0.00,0.00,0.00%,0.00
1/9/21,1199.00,0.00,2.00,1197.00,440.20,756.80,63.22%,0.00
1/8/21,1328.00,0.00,10.50,1317.50,494.00,823.50,62.50%,0.00
1/7/21,1262.00,0.00,8.50,1253.50,467.45,786.05,62.71%,0.00
1/6/21,1125.00,0.00,0.00,1125.00,424.50,700.50,62.27%,0.00
1/5/21,1414.00,0.00,0.00,1414.00,522.40,891.60,63.06%,0.00
1/4/21,1086.00,0.00,0.00,1086.00,401.85,684.15,63.00%,0.00
1/3/21,0.00,0.00,0.00,0.00,0.00,0.00,0.00%,0.00
1/2/21,1420.00,0.00,6.00,1414.00,539.20,874.80,61.87%,0.00
1/1/21,0.00,0.00,0.00,0.00,0.00,0.00,0.00%,0.00
12/31/20,1759.00,0.00,0.00,1759.00,653.60,1105.40,62.84%,0.00
12/30/20,1871.00,0.00,0.00,1871.00,706.80,1164.20,62.22%,0.00
12/29/20,1527.00,0.00,8.50,1518.50,583.30,935.20,61.59%,0.00
12/28/20,0.00,0.00,0.00,0.00,0.00,0.00,0.00%,0.00
12/27/20,0.00,0.00,0.00,0.00,0.00,0.00,0.00%,0.00
12/26/20,482.00,0.00,0.00,482.00,183.25,298.75,61.98%,0.00
12/25/20,0.00,0.00,0.00,0.00,0.00,0.00,0.00%,0.00
12/24/20,1552.00,0.00,2.00,1550.00,582.00,968.00,62.45%,0.00
12/23/20,1766.00,0.00,8.00,1758.00,673.40,1084.60,61.70%,0.00
12/22/20,1803.00,0.00,2.00,1801.00,674.10,1126.90,62.57%,0.00
12/21/20,1708.00,0.00,9.50,1698.50,634.95,1063.55,62.62%,0.00
12/20/20,0.00,0.00,0.00,0.00,0.00,0.00,0.00%,0.00
12/19/20,1345.00,0.00,0.00,1345.00,505.95,839.05,62.38%,0.00
12/18/20,1639.00,0.00,12.50,1626.50,628.40,998.10,61.36%,0.00
12/17/20,1711.00,0.00,9.50,1701.50,643.50,1058.00,62.18%,0.00
12/16/20,1528.00,0.00,8.50,1519.50,580.70,938.80,61.78%,0.00
12/15/20,1525.00,0.00,17.00,1508.00,549.90,958.10,63.53%,0.00
12/14/20,1345.00,0.00,27.00,1318.00,513.45,804.55,61.04%,0.00
12/13/20,0.00,0.00,0.00,0.00,0.00,0.00,0.00%,0.00
12/12/20,1238.00,10.00,0.00,1228.00,450.25,777.75,63.33%,0.00
12/11/20,1454.00,0.00,9.50,1444.50,548.05,896.45,62.06%,0.00
12/10/20,1456.00,0.00,23.00,1433.00,538.90,894.10,62.39%,0.00
12/9/20,1344.00,0.00,22.00,1322.00,504.85,817.15,61.81%,0.00
12/8/20,1305.00,0.00,8.00,1297.00,490.85,806.15,62.15%,0.00
12/7/20,1454.00,0.00,22.00,1432.00,538.65,893.35,62.38%,0.00
12/6/20,0.00,0.00,0.00,0.00,0.00,0.00,0.00%,0.00
12/5/20,0.00,0.00,0.00,0.00,0.00,0.00,0.00%,0.00
12/4/20,1392.00,0.00,0.00,1392.00,518.75,873.25,62.73%,0.00
12/3/20,1466.00,0.00,8.50,1457.50,547.65,909.85,62.43%,0.00
12/2/20,1329.00,0.00,36.50,1292.50,499.20,793.30,61.38%,0.00
12/1/20,1195.00,0.00,23.00,1172.00,457.10,714.90,61.00%,0.00
11/30/20,1544.00,0.00,6.00,1538.00,580.10,957.90,62.28%,0.00
11/29/20,0.00,0.00,0.00,0.00,0.00,0.00,0.00%,0.00
11/28/20,1135.00,0.00,0.00,1135.00,406.95,728.05,64.15%,0.00
11/27/20,1343.00,0.00,0.00,1343.00,491.80,851.20,63.38%,0.00
11/26/20,992.00,0.00,9.50,982.50,363.30,619.20,63.02%,0.00
11/25/20,1418.00,0.00,6.00,1412.00,545.35,866.65,61.38%,0.00
11/24/20,1473.00,0.00,19.00,1454.00,554.25,899.75,61.88%,0.00
11/23/20,1216.00,0.00,0.00,1216.00,477.50,738.50,60.73%,0.00
11/22/20,0.00,0.00,0.00,0.00,0.00,0.00,0.00%,0.00
11/21/20,1062.00,0.00,0.00,1062.00,407.45,654.55,61.63%,0.00
11/20/20,1557.00,0.00,0.00,1557.00,582.45,974.55,62.59%,0.00
11/19/20,1935.00,0.00,19.00,1916.00,727.15,1188.85,62.05%,0.00
11/18/20,1235.00,0.00,6.00,1229.00,463.00,766.00,62.33%,0.00
11/17/20,1492.00,0.00,26.50,1465.50,566.25,899.25,61.36%,0.00
11/16/20,1243.00,20.00,18.00,1205.00,463.05,741.95,61.57%,0.00
11/15/20,0.00,0.00,0.00,0.00,0.00,0.00,0.00%,0.00
11/14/20,1229.00,0.00,0.00,1229.00,463.65,765.35,62.27%,0.00
11/13/20,1890.00,0.00,9.50,1880.50,736.65,1143.85,60.83%,0.00
11/12/20,1572.00,0.00,17.00,1555.00,598.65,956.35,61.50%,0.00
11/11/20,1282.00,0.00,0.00,1282.00,493.50,788.50,61.51%,0.00
11/10/20,1206.00,0.00,0.00,1206.00,445.30,760.70,63.08%,0.00
11/9/20,898.00,0.00,0.00,898.00,342.15,555.85,61.90%,0.00
11/8/20,0.00,0.00,0.00,0.00,0.00,0.00,0.00%,0.00
11/7/20,1409.00,0.00,0.00,1409.00,532.75,876.25,62.19%,0.00
11/6/20,1901.00,0.00,8.50,1892.50,728.35,1164.15,61.51%,0.00
11/5/20,1547.00,0.00,9.50,1537.50,588.00,949.50,61.76%,0.00
11/4/20,1260.00,0.00,8.50,1251.50,477.00,774.50,61.89%,0.00
11/3/20,1333.00,0.00,9.50,1323.50,501.25,822.25,62.13%,0.00
11/2/20,1199.00,0.00,0.00,1199.00,454.15,744.85,62.12%,0.00
11/1/20,0.00,0.00,0.00,0.00,0.00,0.00,0.00%,0.00
10/31/20,1287.00,0.00,0.00,1287.00,472.65,814.35,63.28%,0.00
10/30/20,1779.00,0.00,0.00,1779.00,672.10,1106.90,62.22%,0.00
10/29/20,1379.00,0.00,9.50,1369.50,514.40,855.10,62.44%,0.00
10/28/20,1271.00,0.00,8.50,1262.50,477.75,784.75,62.16%,0.00
10/27/20,1278.00,0.00,8.50,1269.50,473.70,795.80,62.69%,0.00
10/26/20,1340.00,11.00,0.00,1329.00,491.35,837.65,63.03%,0.00
10/25/20,0.00,0.00,0.00,0.00,0.00,0.00,0.00%,0.00
10/24/20,1229.00,0.00,0.00,1229.00,462.45,766.55,62.37%,0.00
10/23/20,0.00,0.00,0.00,0.00,0.00,0.00,0.00%,0.00
10/22/20,1710.00,0.00,8.50,1701.50,641.70,1059.80,62.29%,0.00
10/21/20,1469.00,0.00,18.00,1451.00,557.15,893.85,61.60%,0.00
10/20/20,1175.00,0.00,8.50,1166.50,444.95,721.55,61.86%,0.00
10/19/20,1413.00,0.00,11.50,1401.50,544.40,857.10,61.16%,0.00
10/18/20,0.00,0.00,0.00,0.00,0.00,0.00,0.00%,0.00
10/17/20,1292.00,12.00,2.00,1278.00,474.15,803.85,62.90%,0.00
10/16/20,1998.00,0.00,17.00,1981.00,731.75,1249.25,63.06%,0.00
10/15/20,1470.00,0.00,10.50,1459.50,557.40,902.10,61.81%,0.00
10/14/20,1526.00,4.00,15.50,1506.50,567.95,938.55,62.30%,0.00
10/13/20,1291.00,8.00,0.00,1283.00,416.40,866.60,67.54%,0.00
10/12/20,1528.00,8.00,8.50,1511.50,572.40,939.10,62.13%,0.00
10/11/20,0.00,0.00,0.00,0.00,0.00,0.00,0.00%,0.00
10/10/20,1489.00,4.00,2.00,1483.00,565.25,917.75,61.88%,0.00
10/9/20,1653.00,12.00,4.00,1637.00,599.15,1037.85,63.40%,0.00
10/8/20,1484.00,8.00,9.50,1466.50,565.75,900.75,61.42%,0.00
10/7/20,882.00,0.00,9.50,872.50,328.35,544.15,62.37%,0.00
10/6/20,1423.00,4.00,8.50,1410.50,537.25,873.25,61.91%,0.00
10/5/20,1326.00,9.00,20.50,1296.50,501.25,795.25,61.34%,0.00
10/4/20,0.00,0.00,0.00,0.00,0.00,0.00,0.00%,0.00
10/3/20,1339.00,0.00,0.00,1339.00,489.60,849.40,63.44%,0.00
10/2/20,1836.00,0.00,12.50,1823.50,690.55,1132.95,62.13%,0.00
10/1/20,1286.00,0.00,31.50,1254.50,475.65,778.85,62.08%,0.00
9/30/20,1449.00,0.00,21.00,1428.00,550.80,877.20,61.43%,0.00
9/29/20,1216.00,0.00,0.00,1216.00,468.85,747.15,61.44%,0.00
9/28/20,1048.00,14.00,0.00,1034.00,385.65,648.35,62.70%,0.00
9/27/20,0.00,0.00,0.00,0.00,0.00,0.00,0.00%,0.00
9/26/20,1410.00,0.00,0.00,1410.00,513.40,896.60,63.59%,0.00
9/25/20,1809.00,0.00,8.50,1800.50,680.95,1119.55,62.18%,0.00
9/24/20,1136.00,0.00,17.00,1119.00,420.85,698.15,62.39%,0.00
9/23/20,1235.00,0.00,8.50,1226.50,458.50,768.00,62.62%,0.00
9/22/20,1163.00,0.00,8.50,1154.50,445.50,709.00,61.41%,0.00
9/21/20,1027.00,0.00,0.00,1027.00,380.70,646.30,62.93%,0.00
9/20/20,0.00,0.00,0.00,0.00,0.00,0.00,0.00%,0.00
9/19/20,1189.00,0.00,0.00,1189.00,446.45,742.55,62.45%,0.00
9/18/20,1948.00,0.00,8.50,1939.50,726.95,1212.55,62.52%,0.00
9/17/20,1554.00,0.00,1.00,1553.00,600.70,952.30,61.32%,0.00
9/16/20,1939.00,0.00,0.00,1939.00,745.35,1193.65,61.56%,0.00
9/15/20,949.00,0.00,0.00,949.00,350.45,598.55,63.07%,0.00
9/14/20,595.00,0.00,0.00,595.00,227.45,367.55,61.77%,0.00
9/13/20,0.00,0.00,0.00,0.00,0.00,0.00,0.00%,0.00
9/12/20,807.00,0.00,0.00,807.00,302.50,504.50,62.52%,0.00
9/11/20,1025.00,0.00,2.00,1023.00,371.70,651.30,63.67%,0.00
9/10/20,924.00,0.00,0.00,924.00,350.95,573.05,62.02%,0.00
9/9/20,796.00,0.00,0.00,796.00,297.45,498.55,62.63%,0.00
9/8/20,827.00,0.00,0.00,827.00,296.45,530.55,64.15%,0.00
9/7/20,913.00,0.00,0.00,913.00,338.95,574.05,62.88%,0.00
9/6/20,0.00,0.00,0.00,0.00,0.00,0.00,0.00%,0.00
9/5/20,909.00,0.00,0.00,909.00,350.25,558.75,61.47%,0.00
9/4/20,1129.00,0.00,0.00,1129.00,425.75,703.25,62.29%,0.00
9/3/20,877.00,0.00,0.00,877.00,332.40,544.60,62.10%,0.00
9/2/20,348.00,0.00,0.00,348.00,131.45,216.55,62.23%,0.00
9/1/20,1529.00,0.00,0.00,1529.00,575.90,953.10,62.33%,0.00
8/31/20,1174.00,0.00,0.00,1174.00,433.60,740.40,63.07%,0.00
8/30/20,0.00,0.00,0.00,0.00,0.00,0.00,0.00%,0.00
8/29/20,1578.00,0.00,24.00,1554.00,592.15,961.85,61.90%,0.00
8/28/20,0.00,0.00,0.00,0.00,0.00,0.00,0.00%,0.00
8/27/20,0.00,0.00,0.00,0.00,0.00,0.00,0.00%,0.00
8/26/20,0.00,0.00,0.00,0.00,0.00,0.00,0.00%,0.00
8/25/20,1751.00,0.00,0.00,1751.00,657.55,1093.45,62.45%,0.00
8/24/20,1403.00,0.00,0.00,1403.00,524.65,878.35,62.61%,0.00
8/23/20,0.00,0.00,0.00,0.00,0.00,0.00,0.00%,0.00
8/22/20,0.00,0.00,0.00,0.00,0.00,0.00,0.00%,0.00
8/21/20,1586.00,0.00,8.50,1577.50,580.85,996.65,63.18%,0.00
8/20/20,1333.00,12.00,8.50,1312.50,493.55,818.95,62.40%,0.00
8/19/20,1469.00,0.00,17.00,1452.00,530.60,921.40,63.46%,0.00
8/18/20,1562.00,24.00,4.00,1534.00,587.10,946.90,61.73%,0.00
8/17/20,1528.00,14.00,0.00,1514.00,545.80,968.20,63.95%,0.00
8/16/20,0.00,0.00,0.00,0.00,0.00,0.00,0.00%,0.00
8/15/20,1465.00,0.00,0.00,1465.00,542.40,922.60,62.98%,0.00
8/14/20,1779.00,22.00,14.50,1742.50,660.50,1082.00,62.09%,0.00
8/13/20,1571.00,0.00,8.50,1562.50,598.60,963.90,61.69%,0.00
8/12/20,1213.00,0.00,8.50,1204.50,457.10,747.40,62.05%,0.00
8/11/20,1468.00,0.00,22.00,1446.00,546.60,899.40,62.20%,0.00
8/10/20,1452.00,0.00,8.50,1443.50,547.15,896.35,62.10%,0.00
8/9/20,0.00,0.00,0.00,0.00,0.00,0.00,0.00%,0.00
8/8/20,1214.00,0.00,0.00,1214.00,452.30,761.70,62.74%,0.00
8/7/20,1671.00,0.00,0.00,1671.00,626.45,1044.55,62.51%,0.00
8/6/20,1735.00,0.00,0.00,1735.00,659.50,1075.50,61.99%,0.00
8/5/20,0.00,0.00,0.00,0.00,0.00,0.00,0.00%,0.00
8/4/20,0.00,0.00,0.00,0.00,0.00,0.00,0.00%,0.00
8/3/20,0.00,0.00,0.00,0.00,0.00,0.00,0.00%,0.00
8/2/20,0.00,0.00,0.00,0.00,0.00,0.00,0.00%,0.00
8/1/20,1394.00,0.00,0.00,1394.00,522.45,871.55,62.52%,0.00
7/31/20,1956.00,15.00,10.50,1930.50,709.00,1221.50,63.27%,0.00
7/30/20,1828.00,12.00,24.00,1792.00,665.55,1126.45,62.86%,0.00
7/29/20,686.00,0.00,0.00,686.00,248.65,437.35,63.75%,0.00
7/28/20,1960.00,20.00,19.00,1921.00,742.95,1178.05,61.32%,0.00
7/27/20,1370.00,0.00,17.00,1353.00,496.80,856.20,63.28%,0.00
7/26/20,0.00,0.00,0.00,0.00,0.00,0.00,0.00%,0.00
7/25/20,1093.00,0.00,0.00,1093.00,405.35,687.65,62.91%,0.00
7/24/20,1936.00,0.00,0.00,1936.00,692.85,1243.15,64.21%,0.00
7/23/20,1813.00,0.00,9.00,1804.00,669.20,1134.80,62.90%,0.00
7/22/20,1443.00,0.00,24.00,1419.00,526.55,892.45,62.89%,0.00
7/21/20,1503.00,12.00,2.00,1489.00,571.85,917.15,61.60%,0.00
7/20/20,0.00,0.00,0.00,0.00,0.00,0.00,0.00%,0.00
7/19/20,0.00,0.00,0.00,0.00,0.00,0.00,0.00%,0.00
7/18/20,1428.00,0.00,6.00,1422.00,529.90,892.10,62.74%,0.00
7/17/20,1767.00,0.00,10.00,1757.00,629.35,1127.65,64.18%,0.00
7/16/20,1681.00,14.00,9.50,1657.50,621.55,1035.95,62.50%,0.00
7/15/20,1572.00,12.00,20.00,1540.00,573.20,966.80,62.78%,0.00
7/14/20,1542.00,0.00,25.00,1517.00,555.75,961.25,63.37%,0.00
7/13/20,1279.00,0.00,0.00,1279.00,469.65,809.35,63.28%,0.00
7/12/20,0.00,0.00,0.00,0.00,0.00,0.00,0.00%,0.00
7/11/20,1165.00,10.00,0.00,1155.00,422.95,732.05,63.38%,0.00
7/10/20,2028.00,12.00,12.00,2004.00,736.00,1268.00,63.27%,0.00
7/9/20,1343.00,0.00,11.00,1332.00,497.85,834.15,62.62%,0.00
7/8/20,1318.00,0.00,25.00,1293.00,496.00,797.00,61.64%,0.00
7/7/20,1820.00,0.00,11.00,1809.00,690.75,1118.25,61.82%,0.00
7/6/20,1271.00,0.00,11.00,1260.00,470.40,789.60,62.67%,0.00
7/5/20,0.00,0.00,0.00,0.00,0.00,0.00,0.00%,0.00
7/4/20,1141.00,0.00,0.00,1141.00,415.55,725.45,63.58%,0.00
7/3/20,1519.00,0.00,0.00,1519.00,571.55,947.45,62.37%,0.00
7/2/20,1536.00,0.00,11.00,1525.00,575.65,949.35,62.25%,0.00
7/1/20,1559.00,0.00,11.00,1548.00,589.20,958.80,61.94%,0.00
6/30/20,1417.00,0.00,11.00,1406.00,532.45,873.55,62.13%,0.00
6/29/20,0.00,0.00,0.00,0.00,0.00,0.00,0.00%,0.00
6/28/20,0.00,0.00,0.00,0.00,0.00,0.00,0.00%,0.00
6/27/20,1456.00,0.00,0.00,1456.00,549.85,906.15,62.24%,0.00
6/26/20,1912.00,0.00,11.00,1901.00,717.95,1183.05,62.23%,0.00
6/25/20,1417.00,0.00,11.00,1406.00,542.80,863.20,61.39%,0.00
6/24/20,1178.00,0.00,12.00,1166.00,447.45,718.55,61.63%,0.00
6/23/20,1314.00,0.00,8.50,1305.50,491.85,813.65,62.32%,0.00
6/22/20,992.00,0.00,0.00,992.00,384.80,607.20,61.21%,0.00
6/21/20,0.00,0.00,0.00,0.00,0.00,0.00,0.00%,0.00
6/20/20,1068.00,0.00,0.00,1068.00,401.65,666.35,62.39%,0.00
6/19/20,1770.00,19.00,11.00,1740.00,669.90,1070.10,61.50%,0.00
6/18/20,1312.00,0.00,11.00,1301.00,496.55,804.45,61.83%,0.00
6/17/20,1117.00,0.00,11.00,1106.00,418.30,687.70,62.18%,0.00
6/16/20,1354.00,0.00,1.00,1353.00,496.25,856.75,63.32%,0.00
6/15/20,1307.00,0.00,4.00,1303.00,492.50,810.50,62.20%,0.00
6/14/20,0.00,0.00,0.00,0.00,0.00,0.00,0.00%,0.00
6/13/20,882.00,0.00,0.00,882.00,310.15,571.85,64.84%,0.00
6/12/20,0.00,0.00,0.00,0.00,0.00,0.00,0.00%,0.00
6/11/20,1840.00,0.00,0.00,1840.00,690.20,1149.80,62.49%,0.00
6/10/20,1333.00,0.00,10.00,1323.00,500.65,822.35,62.16%,0.00
6/9/20,1363.00,0.00,6.00,1357.00,511.60,845.40,62.30%,0.00
6/8/20,1414.00,0.00,10.00,1404.00,544.65,859.35,61.21%,0.00
6/7/20,0.00,0.00,0.00,0.00,0.00,0.00,0.00%,0.00
6/6/20,1297.00,0.00,0.00,1297.00,477.70,819.30,63.17%,0.00
6/5/20,1645.00,0.00,11.00,1634.00,618.80,1015.20,62.13%,0.00
6/4/20,1250.00,0.00,0.00,1250.00,471.55,778.45,62.28%,0.00
6/3/20,1118.00,0.00,14.00,1104.00,412.60,691.40,62.63%,0.00
6/2/20,1629.00,0.00,20.00,1609.00,599.05,1009.95,62.77%,0.00
6/1/20,0.00,0.00,0.00,0.00,0.00,0.00,0.00%,0.00
5/31/20,0.00,0.00,0.00,0.00,0.00,0.00,0.00%,0.00
5/30/20,1233.00,0.00,10.00,1223.00,466.65,756.35,61.84%,0.00
5/29/20,1520.00,0.00,2.00,1518.00,568.65,949.35,62.54%,0.00
5/28/20,1080.00,0.00,0.00,1080.00,403.60,676.40,62.63%,0.00
5/27/20,1257.00,0.00,0.00,1257.00,469.55,787.45,62.65%,0.00
5/26/20,1241.00,0.00,2.00,1239.00,456.80,782.20,63.13%,0.00
5/25/20,800.00,0.00,0.00,800.00,313.10,486.90,60.86%,0.00
5/24/20,0.00,0.00,0.00,0.00,0.00,0.00,0.00%,0.00
5/23/20,951.00,0.00,0.00,951.00,352.50,598.50,62.93%,0.00
5/22/20,1603.00,0.00,12.00,1591.00,606.10,984.90,61.90%,0.00
5/21/20,1262.00,0.00,11.50,1250.50,470.40,780.10,62.38%,0.00
5/20/20,1544.00,0.00,11.50,1532.50,573.30,959.20,62.59%,0.00
5/19/20,904.00,0.00,0.00,904.00,334.55,569.45,62.99%,0.00
5/18/20,952.00,0.00,3.00,949.00,345.50,603.50,63.59%,0.00
5/17/20,0.00,0.00,0.00,0.00,0.00,0.00,0.00%,0.00
5/16/20,1213.00,0.00,16.00,1197.00,450.50,746.50,62.36%,0.00
5/15/20,1594.00,0.00,11.50,1582.50,594.65,987.85,62.42%,0.00
5/14/20,1086.00,0.00,18.00,1068.00,398.20,669.80,62.72%,0.00
5/13/20,1118.00,0.00,11.00,1107.00,418.05,688.95,62.24%,0.00
5/12/20,1055.00,0.00,0.00,1055.00,388.95,666.05,63.13%,0.00
5/11/20,1337.00,0.00,0.00,1337.00,493.80,843.20,63.07%,0.00
5/10/20,0.00,0.00,0.00,0.00,0.00,0.00,0.00%,0.00
5/9/20,623.00,0.00,0.00,623.00,228.75,394.25,63.28%,0.00
5/8/20,1104.00,0.00,0.00,1104.00,388.85,715.15,64.78%,0.00
5/7/20,690.00,0.00,0.00,690.00,233.50,456.50,66.16%,0.00
5/6/20,975.00,0.00,9.00,966.00,356.60,609.40,63.08%,0.00
5/5/20,1305.00,0.00,0.00,1305.00,472.50,832.50,63.79%,0.00
5/4/20,1028.00,0.00,0.00,1028.00,372.20,655.80,63.79%,0.00
5/3/20,0.00,0.00,0.00,0.00,0.00,0.00,0.00%,0.00
5/2/20,0.00,0.00,0.00,0.00,0.00,0.00,0.00%,0.00
5/1/20,0.00,0.00,0.00,0.00,0.00,0.00,0.00%,0.00
4/30/20,0.00,0.00,0.00,0.00,0.00,0.00,0.00%,0.00
4/29/20,0.00,0.00,0.00,0.00,0.00,0.00,0.00%,0.00
4/28/20,0.00,0.00,0.00,0.00,0.00,0.00,0.00%,0.00
4/27/20,0.00,0.00,0.00,0.00,0.00,0.00,0.00%,0.00
4/26/20,0.00,0.00,0.00,0.00,0.00,0.00,0.00%,0.00
4/25/20,0.00,0.00,0.00,0.00,0.00,0.00,0.00%,0.00
4/24/20,0.00,0.00,0.00,0.00,0.00,0.00,0.00%,0.00
4/23/20,0.00,0.00,0.00,0.00,0.00,0.00,0.00%,0.00
4/22/20,0.00,0.00,0.00,0.00,0.00,0.00,0.00%,0.00
4/21/20,0.00,0.00,0.00,0.00,0.00,0.00,0.00%,0.00
4/20/20,0.00,0.00,0.00,0.00,0.00,0.00,0.00%,0.00
4/19/20,0.00,0.00,0.00,0.00,0.00,0.00,0.00%,0.00
4/18/20,0.00,0.00,0.00,0.00,0.00,0.00,0.00%,0.00
4/17/20,0.00,0.00,0.00,0.00,0.00,0.00,0.00%,0.00
4/16/20,0.00,0.00,0.00,0.00,0.00,0.00,0.00%,0.00
4/15/20,0.00,0.00,0.00,0.00,0.00,0.00,0.00%,0.00
4/14/20,0.00,0.00,0.00,0.00,0.00,0.00,0.00%,0.00
4/13/20,0.00,0.00,0.00,0.00,0.00,0.00,0.00%,0.00
4/12/20,0.00,0.00,0.00,0.00,0.00,0.00,0.00%,0.00
4/11/20,0.00,0.00,0.00,0.00,0.00,0.00,0.00%,0.00
4/10/20,0.00,0.00,0.00,0.00,0.00,0.00,0.00%,0.00
4/9/20,0.00,0.00,0.00,0.00,0.00,0.00,0.00%,0.00
4/8/20,0.00,0.00,0.00,0.00,0.00,0.00,0.00%,0.00
4/7/20,0.00,0.00,0.00,0.00,0.00,0.00,0.00%,0.00
4/6/20,0.00,0.00,0.00,0.00,0.00,0.00,0.00%,0.00
4/5/20,0.00,0.00,0.00,0.00,0.00,0.00,0.00%,0.00
4/4/20,0.00,0.00,0.00,0.00,0.00,0.00,0.00%,0.00
4/3/20,0.00,0.00,0.00,0.00,0.00,0.00,0.00%,0.00
4/2/20,0.00,0.00,0.00,0.00,0.00,0.00,0.00%,0.00
4/1/20,0.00,0.00,0.00,0.00,0.00,0.00,0.00%,0.00
3/31/20,0.00,0.00,0.00,0.00,0.00,0.00,0.00%,0.00
3/30/20,0.00,0.00,0.00,0.00,0.00,0.00,0.00%,0.00
3/29/20,0.00,0.00,0.00,0.00,0.00,0.00,0.00%,0.00
3/28/20,0.00,0.00,0.00,0.00,0.00,0.00,0.00%,0.00
3/27/20,984.00,0.00,0.00,984.00,368.95,615.05,62.51%,0.00
3/26/20,1252.00,0.00,0.00,1252.00,481.35,770.65,61.55%,0.00
3/25/20,1023.00,0.00,0.00,1023.00,392.75,630.25,61.61%,0.00
3/24/20,950.00,0.00,0.00,950.00,356.45,593.55,62.48%,0.00
3/23/20,730.00,0.00,0.00,730.00,286.05,443.95,60.82%,0.00
3/22/20,0.00,0.00,0.00,0.00,0.00,0.00,0.00%,0.00
3/21/20,816.00,0.00,0.00,816.00,304.35,511.65,62.70%,0.00
3/20/20,1133.00,0.00,0.00,1133.00,422.10,710.90,62.74%,0.00
3/19/20,1025.00,0.00,0.00,1025.00,381.10,643.90,62.82%,0.00
3/18/20,1116.00,0.00,0.00,1116.00,429.20,686.80,61.54%,0.00
3/17/20,1123.00,0.00,0.00,1123.00,429.65,693.35,61.74%,0.00
3/16/20,873.00,0.00,0.00,873.00,326.15,546.85,62.64%,0.00
3/15/20,0.00,0.00,0.00,0.00,0.00,0.00,0.00%,0.00
3/14/20,1119.00,0.00,0.00,1119.00,0.00,1119.00,100.00%,0.00
3/13/20,1515.00,0.00,0.00,1515.00,0.00,1515.00,100.00%,0.00
3/12/20,1430.00,0.00,2.00,1428.00,0.00,1428.00,100.00%,0.00
3/11/20,1430.00,0.00,0.00,1430.00,0.00,1430.00,100.00%,0.00
3/10/20,1096.00,0.00,0.00,1096.00,0.00,1096.00,100.00%,0.00
3/9/20,0.00,0.00,0.00,0.00,0.00,0.00,0.00%,0.00
3/8/20,0.00,0.00,0.00,0.00,0.00,0.00,0.00%,0.00
3/7/20,808.00,0.00,0.00,808.00,0.00,808.00,100.00%,0.00
3/6/20,1539.00,0.00,0.00,1539.00,0.00,1539.00,100.00%,0.00
3/5/20,1340.00,0.00,13.00,1327.00,0.00,1327.00,100.00%,0.00
3/4/20,1292.00,0.00,0.00,1292.00,0.00,1292.00,100.00%,0.00
3/3/20,1060.00,2.00,0.00,1058.00,0.00,1058.00,100.00%,0.00
3/2/20,0.00,0.00,0.00,0.00,0.00,0.00,0.00%,0.00
3/1/20,0.00,0.00,0.00,0.00,0.00,0.00,0.00%,0.00
2/29/20,864.00,0.00,0.00,864.00,0.00,864.00,100.00%,0.00
2/28/20,1336.00,0.00,0.00,1336.00,0.00,1336.00,100.00%,0.00
2/27/20,1196.00,0.00,0.00,1196.00,0.00,1196.00,100.00%,0.00
2/26/20,1114.00,0.00,0.00,1114.00,0.00,1114.00,100.00%,0.00
2/25/20,1079.00,0.00,8.00,1071.00,0.00,1071.00,100.00%,0.00
2/24/20,956.00,0.00,9.00,947.00,0.00,947.00,100.00%,0.00
2/23/20,0.00,0.00,0.00,0.00,0.00,0.00,0.00%,0.00
2/22/20,771.00,0.00,0.00,771.00,0.00,771.00,100.00%,0.00
2/21/20,1465.00,0.00,0.00,1465.00,0.00,1465.00,100.00%,0.00
2/20/20,1215.00,0.00,8.00,1207.00,0.00,1207.00,100.00%,0.00
2/19/20,936.00,0.00,0.00,936.00,0.00,936.00,100.00%,0.00
2/18/20,1095.00,0.00,0.00,1095.00,0.00,1095.00,100.00%,0.00
2/17/20,762.00,0.00,0.00,762.00,0.00,762.00,100.00%,0.00
2/16/20,0.00,0.00,0.00,0.00,0.00,0.00,0.00%,0.00
2/15/20,919.00,0.00,14.00,905.00,0.00,905.00,100.00%,0.00
2/14/20,1244.00,0.00,6.00,1238.00,0.00,1238.00,100.00%,0.00
2/13/20,1032.00,0.00,0.00,1032.00,0.00,1032.00,100.00%,0.00
2/12/20,938.00,0.00,0.00,938.00,0.00,938.00,100.00%,0.00
2/11/20,927.00,0.00,0.00,927.00,0.00,927.00,100.00%,0.00
2/10/20,682.00,0.00,0.00,682.00,0.00,682.00,100.00%,0.00
2/9/20,0.00,0.00,0.00,0.00,0.00,0.00,0.00%,0.00
2/8/20,739.00,0.00,0.00,739.00,0.00,739.00,100.00%,0.00
2/7/20,1295.00,0.00,15.00,1280.00,0.00,1280.00,100.00%,0.00
2/6/20,962.00,0.00,6.00,956.00,0.00,956.00,100.00%,0.00
2/5/20,929.00,0.00,4.00,925.00,0.00,925.00,100.00%,0.00
2/4/20,1024.00,0.00,0.00,1024.00,0.00,1024.00,100.00%,0.00
2/3/20,586.00,0.00,4.00,582.00,0.00,582.00,100.00%,0.00
2/2/20,0.00,0.00,0.00,0.00,0.00,0.00,0.00%,0.00
2/1/20,861.00,0.00,0.00,861.00,0.00,861.00,100.00%,0.00
1/31/20,1250.00,0.00,0.00,1250.00,0.00,1250.00,100.00%,0.00
1/30/20,1037.00,0.00,4.00,1033.00,0.00,1033.00,100.00%,0.00
1/29/20,1002.00,0.00,0.00,1002.00,0.00,1002.00,100.00%,0.00
1/28/20,952.00,0.00,0.00,952.00,0.00,952.00,100.00%,0.00
1/27/20,701.00,0.00,0.00,701.00,0.00,701.00,100.00%,0.00
1/26/20,0.00,0.00,0.00,0.00,0.00,0.00,0.00%,0.00
1/25/20,761.00,0.00,0.00,761.00,0.00,761.00,100.00%,0.00
1/24/20,1368.00,0.00,0.00,1368.00,0.00,1368.00,100.00%,0.00
1/23/20,847.00,0.00,13.00,834.00,0.00,834.00,100.00%,0.00
1/22/20,1338.00,0.00,7.00,1331.00,0.00,1331.00,100.00%,0.00
1/21/20,950.01,0.00,0.00,950.01,0.00,950.01,100.00%,0.00
1/20/20,0.00,0.00,0.00,0.00,0.00,0.00,0.00%,0.00
1/19/20,0.00,0.00,0.00,0.00,0.00,0.00,0.00%,0.00
1/18/20,1009.00,0.00,6.00,1003.00,0.00,1003.00,100.00%,0.00
1/17/20,1098.00,0.00,2.00,1096.00,0.00,1096.00,100.00%,0.00
1/16/20,1065.00,0.00,0.00,1065.00,0.00,1065.00,100.00%,0.00
1/15/20,1221.00,0.00,6.00,1215.00,0.00,1215.00,100.00%,0.00
1/14/20,1314.00,0.00,0.00,1314.00,0.00,1314.00,100.00%,0.00
1/13/20,0.00,0.00,0.00,0.00,0.00,0.00,0.00%,0.00
1/12/20,0.00,0.00,0.00,0.00,0.00,0.00,0.00%,0.00
1/11/20,659.00,0.00,6.00,653.00,0.00,653.00,100.00%,0.00
1/10/20,1073.00,0.00,0.00,1073.00,0.00,1073.00,100.00%,0.00
1/9/20,956.00,24.00,0.00,932.00,0.00,932.00,100.00%,0.00
1/8/20,1223.00,0.00,0.00,1223.00,0.00,1223.00,100.00%,0.00
1/7/20,1094.00,0.00,10.00,1084.00,0.00,1084.00,100.00%,0.00
1/6/20,0.00,0.00,0.00,0.00,0.00,0.00,0.00%,0.00
1/5/20,0.00,0.00,0.00,0.00,0.00,0.00,0.00%,0.00
1/4/20,741.00,0.00,0.00,741.00,0.00,741.00,100.00%,0.00
1/3/20,1049.00,0.00,0.00,1049.00,0.00,1049.00,100.00%,0.00
1/2/20,763.00,0.00,0.00,763.00,0.00,763.00,100.00%,0.00
1/1/20,0.00,0.00,0.00,0.00,0.00,0.00,0.00%,0.00
